简历ID,配对数,Top10重合度,Spearman相关,模型NDCG@10,规则NDCG@10,模型MAE
R001,150,0.667,0.997,1.0,1.0,0.878
R002,150,0.538,0.99,0.6309,0.6309,0.875
R003,150,0.818,0.995,0.0,0.0,0.778
R004,150,0.818,0.998,0.9149,0.9052,0.803
R005,249,0.818,0.995,0.0,0.0,0.74
R006,150,1.0,0.996,1.0,1.0,0.853
R007,150,0.818,0.993,0.0,0.0,0.801
R008,367,0.667,0.987,0.8319,0.8319,0.66
R009,150,0.667,0.996,0.8922,0.8922,0.784
R010,150,0.538,0.981,0.0,0.0,0.71
R011,150,0.818,0.997,1.0,1.0,0.861
R012,150,0.818,0.995,0.0,0.0,0.485
R013,150,0.667,0.995,0.8937,0.9084,0.773
R014,150,0.667,0.997,0.5087,0.5531,0.948
R015,744,0.818,0.964,0.9337,0.9306,0.825
R016,487,0.667,0.987,1.0,1.0,1.198
R017,150,0.538,0.983,0.0,0.0,0.628
R018,150,0.818,0.993,1.0,1.0,0.763
R019,150,0.818,0.996,1.0,1.0,0.807
R020,2223,0.818,0.994,1.0,1.0,0.704
R021,1319,0.667,0.975,1.0,1.0,0.756
R022,1319,1.0,0.977,1.0,1.0,0.621
R023,367,0.818,0.989,0.89,0.89,0.701
R024,1323,0.818,0.995,1.0,1.0,0.863
R025,150,0.818,0.995,0.6131,0.6131,0.837
R026,150,1.0,0.995,0.9337,0.9337,0.835
R027,1319,0.818,0.997,1.0,1.0,0.721
R028,150,0.818,0.994,0.0,0.0,0.722
R029,150,0.538,0.994,1.0,1.0,0.672
R030,367,0.429,0.984,0.6131,0.6131,0.749
R031,1023,1.0,0.946,1.0,1.0,0.556
R032,150,1.0,0.993,1.0,1.0,0.685
R033,150,0.818,0.984,0.0,0.0,0.953
R034,150,0.818,0.987,1.0,1.0,0.819
R035,744,0.818,0.996,1.0,1.0,0.912
R036,367,0.818,0.994,0.8772,0.6131,0.646
R037,208,0.667,0.995,0.9149,0.9149,1.324
R038,150,0.667,0.995,0.0,0.0,0.951
R039,237,0.538,0.989,1.0,1.0,0.655
R040,2223,0.818,0.985,1.0,0.9364,0.62
R041,150,1.0,0.984,0.0,0.0,0.551
R042,744,0.818,0.989,1.0,1.0,0.99
R043,150,1.0,0.996,1.0,1.0,0.679
R044,150,1.0,0.992,1.0,1.0,0.726
R045,367,1.0,0.997,1.0,1.0,0.699
R046,385,0.667,0.994,0.9306,1.0,0.798
R047,150,0.538,0.997,1.0,1.0,0.777
R048,150,0.818,0.994,0.0,0.0,0.767
R049,150,1.0,0.997,0.9306,0.9216,0.834
R050,249,0.818,0.991,0.0,0.0,0.803
R051,150,0.667,0.996,0.5,0.4307,0.794
R052,249,0.818,0.996,1.0,1.0,0.634
R053,150,1.0,0.996,1.0,1.0,0.726
R054,150,0.818,0.998,1.0,1.0,0.926
R055,150,0.818,0.995,1.0,1.0,0.618
R056,150,0.818,0.998,0.9337,0.9306,0.695
R057,1319,0.818,0.995,1.0,1.0,0.872
R058,1023,0.667,0.993,0.839,0.9266,0.708
R059,1023,0.667,0.99,1.0,0.9364,0.672
R060,150,1.0,0.997,0.0,0.0,0.846
R061,150,1.0,0.936,0.0,0.0,0.812
R062,150,1.0,0.998,1.0,1.0,0.521
R063,487,0.818,0.995,1.0,0.9364,0.644
R064,249,0.333,0.998,1.0,1.0,0.753
R065,367,0.538,0.985,1.0,1.0,0.924
R066,150,0.667,0.976,0.0,0.0,0.679
R067,150,0.667,0.951,0.0,0.0,0.664
R068,150,0.818,0.97,1.0,1.0,0.819
R069,150,0.818,0.997,0.9766,0.9848,0.73
R070,1323,0.667,0.977,1.0,1.0,0.787
R071,487,0.333,0.997,0.9306,0.9306,0.86
R072,150,0.818,0.995,0.0,0.0,0.952
R073,150,0.667,0.995,0.9325,0.9469,0.582
R074,744,1.0,0.997,1.0,1.0,0.774
R075,150,0.818,0.996,1.0,1.0,0.835
R076,150,1.0,0.993,1.0,1.0,0.907
R077,249,0.25,0.994,1.0,1.0,0.827
R078,150,1.0,0.993,1.0,1.0,0.763
R079,150,1.0,0.995,1.0,1.0,0.885
R080,150,0.667,0.996,1.0,1.0,0.633
R081,150,0.818,0.996,0.9931,1.0,0.651
R082,150,0.818,0.943,0.0,0.0,0.65
R083,150,1.0,0.997,1.0,1.0,0.592
R084,150,0.818,0.996,0.6309,0.6309,0.915
R085,150,0.667,0.998,1.0,1.0,0.822
R086,249,0.538,0.997,0.0,0.5,0.865
R087,150,0.818,0.996,0.8643,0.8701,0.751
R088,288,1.0,0.993,0.0,0.0,0.762
R089,237,0.333,0.994,1.0,1.0,0.884
R090,150,1.0,0.963,0.9197,0.9197,0.63
R091,150,0.667,0.962,0.0,0.0,0.814
R092,150,0.667,0.985,0.0,0.0,0.782
R093,288,0.538,0.993,0.7654,0.7654,0.738
R094,150,0.667,0.99,0.0,0.0,0.56
R095,150,1.0,0.992,0.0,0.0,0.645
R096,150,0.818,0.987,1.0,1.0,0.966
R097,150,1.0,0.99,0.0,0.0,0.538
R098,150,0.667,0.994,1.0,1.0,0.748
R099,150,0.818,0.995,1.0,1.0,0.882
R100,150,1.0,0.997,1.0,1.0,1.029
R101,150,1.0,0.992,0.0,0.0,0.506
R102,1323,0.818,0.973,1.0,1.0,0.675
R103,208,0.818,0.993,0.9337,0.9306,1.464
R104,385,0.429,0.993,0.0,0.0,0.94
R105,150,1.0,0.984,0.0,0.0,0.694
R106,150,0.818,0.99,0.0,0.0,0.778
R107,385,0.538,0.968,0.7668,0.7668,0.811
R108,150,0.538,0.995,0.0,0.0,0.932
R109,150,0.818,0.995,0.8319,0.8319,0.75
R110,150,1.0,0.996,0.0,0.0,0.918
R111,385,1.0,0.997,1.0,1.0,0.593
R112,150,0.667,0.987,0.0,0.0,0.751
R113,150,0.818,0.996,1.0,1.0,0.67
R114,150,0.667,0.991,0.0,0.0,0.601
R115,150,0.429,0.982,0.0,0.0,0.977
R116,150,0.818,0.995,0.9202,0.9202,0.829
R117,150,0.538,0.989,0.0,0.0,1.029
R118,150,1.0,0.992,0.9197,0.9197,1.057
R119,150,1.0,0.995,1.0,1.0,0.73
R120,1132,1.0,0.993,1.0,1.0,0.715
R121,150,0.818,0.992,0.0,0.0,1.154
R122,487,0.25,0.996,0.89,0.89,0.828
R123,1319,1.0,0.996,1.0,1.0,0.808
R124,150,0.667,0.993,0.0,0.0,0.859
R125,288,0.429,0.992,0.6367,0.6367,0.632
R126,288,0.818,0.997,1.0,1.0,0.745
R127,150,0.538,0.978,0.0,0.0,0.558
R128,1132,1.0,0.991,1.0,1.0,0.756
R129,487,0.333,0.998,1.0,1.0,0.783
R130,150,0.818,0.996,1.0,1.0,1.251
R131,367,0.818,0.98,0.6131,0.6131,0.817
R132,150,0.429,0.992,0.8219,0.8301,0.739
R133,385,0.429,0.987,0.0,0.0,0.908
R134,367,0.538,0.998,0.9364,1.0,0.651
R135,150,0.667,0.995,0.8688,0.8688,0.729
R136,150,0.667,0.92,0.0,0.0,0.959
R137,237,0.818,0.998,0.9337,1.0,0.865
R138,385,1.0,0.995,0.0,0.0,0.643
R139,150,0.667,0.994,1.0,0.9202,1.368
R140,2223,1.0,0.997,0.9306,0.9364,0.71
R141,385,1.0,0.996,1.0,1.0,0.654
R142,150,1.0,0.972,0.4307,0.4307,1.036
R143,150,1.0,0.997,1.0,1.0,0.595
R144,150,1.0,0.995,0.0,0.0,1.134
R145,208,0.667,0.997,1.0,1.0,0.945
R146,150,0.667,0.99,0.0,0.0,0.762
R147,1319,0.818,0.996,1.0,1.0,0.723
R148,1023,0.538,0.992,0.7537,0.8319,0.658
R149,150,1.0,0.994,1.0,1.0,0.677
R150,150,1.0,0.992,0.0,0.0,0.957
R151,1132,0.818,0.991,1.0,1.0,0.682
R152,150,1.0,0.996,0.9877,1.0,0.687
R153,150,0.818,0.989,0.8319,0.8319,1.09
R154,150,1.0,0.997,0.6448,0.6448,0.949
R155,150,1.0,0.996,0.9197,0.9197,0.582
R156,150,1.0,0.992,0.9266,0.9337,0.81
R157,150,0.667,0.983,0.0,0.0,0.757
R158,1319,1.0,0.997,1.0,1.0,0.758
R159,150,0.667,0.992,1.0,1.0,0.757
R160,1319,1.0,0.996,1.0,1.0,0.911
R161,150,1.0,0.99,0.8486,0.8201,1.27
R162,487,0.818,0.997,1.0,1.0,0.72
R163,487,0.25,0.995,1.0,1.0,0.927
R164,150,0.667,0.997,1.0,1.0,1.027
R165,150,0.818,0.995,0.0,0.0,0.638
R166,150,0.818,0.993,1.0,1.0,1.146
R167,249,0.818,0.989,1.0,1.0,0.723
R168,367,0.538,0.985,0.9306,0.9306,0.69
R169,150,0.818,0.991,0.9292,0.9292,0.717
R170,150,1.0,0.982,1.0,1.0,0.8
R171,249,0.667,0.994,1.0,1.0,0.702
R172,2223,1.0,0.992,1.0,1.0,0.627
R173,487,0.818,0.985,0.6714,0.7654,0.764
R174,150,0.818,0.995,0.0,0.0,0.674
R175,1132,1.0,0.977,1.0,1.0,0.715
R176,744,0.818,0.988,1.0,1.0,1.21
R177,150,1.0,0.996,1.0,1.0,1.071
R178,150,0.818,0.989,0.0,0.0,0.541
R179,385,0.25,0.975,0.3904,0.5205,0.753
R180,367,1.0,0.991,1.0,1.0,0.781
R181,150,0.818,0.995,0.0,0.0,0.652
R182,150,0.818,0.99,1.0,1.0,0.726
R183,288,0.667,0.996,0.0,0.0,0.726
R184,150,0.667,0.996,1.0,1.0,0.674
R185,150,0.538,0.994,0.9202,1.0,0.714
R186,150,0.818,0.995,0.0,0.0,0.866
R187,150,0.818,0.997,1.0,1.0,0.825
R188,150,0.538,0.992,0.3333,0.0,0.894
R189,150,0.818,0.989,0.0,0.0,0.675
R190,487,0.25,0.995,1.0,1.0,0.738
R191,744,1.0,0.991,1.0,1.0,1.055
R192,2223,0.667,0.996,1.0,1.0,0.896
R193,150,1.0,0.996,0.0,0.0,1.162
R194,2223,0.818,0.966,1.0,0.9364,0.664
R195,744,0.818,0.987,1.0,1.0,0.831
R196,1323,0.818,0.997,1.0,1.0,0.704
R197,150,0.818,0.997,0.9292,0.9292,0.839
R198,150,1.0,0.994,1.0,1.0,1.159
R199,288,0.667,0.996,0.0,0.0,0.615
R200,150,0.667,0.996,0.7654,0.9066,0.914
R201,150,0.818,0.993,1.0,1.0,0.754
R202,237,1.0,0.996,0.0,0.0,0.819
R203,150,0.667,0.971,0.9931,0.9931,0.856
R204,487,0.176,0.992,1.0,1.0,0.762
R205,150,0.818,0.996,1.0,1.0,0.788
R206,150,0.667,0.99,1.0,1.0,0.442
R207,150,0.538,0.991,1.0,1.0,0.983
R208,150,1.0,0.988,0.9364,0.9364,0.806
R209,150,0.818,0.993,1.0,1.0,0.53
R210,150,0.818,0.991,0.0,0.0,0.844
R211,2223,0.818,0.992,1.0,1.0,0.757
R212,487,0.538,0.989,1.0,1.0,0.573
R213,385,0.818,0.997,1.0,1.0,0.711
R214,150,1.0,0.979,1.0,1.0,0.907
R215,1319,1.0,0.992,1.0,1.0,0.713
R216,237,0.176,0.993,0.0,0.0,0.94
R217,1319,0.818,0.947,0.9364,1.0,0.641
R218,367,1.0,0.996,1.0,1.0,0.586
R219,150,0.818,0.991,0.8551,0.8551,1.224
R220,2223,0.667,0.993,1.0,1.0,0.623
R221,150,1.0,0.994,0.0,0.0,0.835
R222,744,0.818,0.997,1.0,1.0,0.817
R223,150,0.818,0.991,0.9337,0.9364,0.837
R224,150,0.667,0.994,1.0,0.8772,0.724
R225,150,1.0,0.996,0.0,0.0,0.664
R226,1132,0.818,0.998,1.0,1.0,0.667
R227,208,1.0,0.995,1.0,1.0,0.702
R228,150,0.818,0.996,0.0,0.0,0.619
R229,150,1.0,0.99,0.0,0.0,0.586
R230,744,0.818,0.995,1.0,1.0,0.665
R231,150,1.0,0.996,1.0,1.0,0.812
R232,150,0.538,0.992,0.8551,0.9292,0.892
R233,150,0.818,0.996,0.6053,0.6053,0.864
R234,150,0.818,0.995,1.0,1.0,0.962
R235,150,0.667,0.952,0.0,0.0,0.567
R236,288,0.667,0.997,0.5087,0.5087,0.859
R237,150,0.667,0.996,0.6131,0.8066,0.671
R238,237,0.667,0.996,1.0,1.0,0.73
R239,1132,0.818,0.998,1.0,1.0,0.765
R240,1132,0.667,0.993,1.0,1.0,0.824
R241,150,0.538,0.977,0.0,0.0,0.977
R242,150,1.0,0.976,0.0,0.0,0.986
R243,744,1.0,0.997,0.8551,0.8551,0.686
R244,150,0.818,0.996,0.9364,0.9364,0.679
R245,150,0.429,0.937,1.0,0.5,0.494
R246,150,0.818,0.934,0.0,0.0,0.786
R247,150,1.0,0.995,1.0,1.0,1.046
R248,150,1.0,0.986,0.0,0.0,0.946
R249,150,0.818,0.996,0.0,0.0,0.517
R250,208,0.818,0.997,1.0,1.0,0.707
R251,744,0.667,0.995,0.8688,0.8688,0.603
R252,249,0.667,0.997,0.9364,0.9337,1.161
R253,150,0.667,0.998,1.0,1.0,1.061
R254,150,0.667,0.995,0.9364,0.9364,0.812
R255,150,0.667,0.997,1.0,1.0,0.648
R256,1132,1.0,0.996,1.0,1.0,0.705
R257,150,0.818,0.997,0.9084,0.9084,0.732
R258,1132,0.538,0.998,1.0,1.0,0.635
R259,150,1.0,0.995,1.0,1.0,0.711
R260,150,0.818,0.995,1.0,1.0,0.545
R261,150,1.0,0.993,0.0,0.0,0.719
R262,150,0.818,0.992,0.0,0.0,0.689
R263,744,1.0,0.998,1.0,1.0,0.753
R264,150,0.538,0.99,0.7041,0.7041,0.829
R265,1323,1.0,0.989,1.0,1.0,0.738
R266,150,0.818,0.994,0.9364,1.0,1.046
R267,150,0.667,0.991,0.7654,0.7654,1.459
R268,150,0.818,0.989,1.0,1.0,0.807
R269,150,0.818,0.995,0.0,0.0,0.609
R270,150,0.818,0.996,0.8922,0.8922,0.724
R271,487,0.25,0.996,1.0,1.0,0.751
R272,150,0.818,0.993,0.0,0.0,0.737
R273,150,0.667,0.988,0.0,0.0,0.838
R274,288,0.538,0.996,0.0,0.0,0.892
R275,150,0.818,0.997,1.0,1.0,0.777
R276,150,0.667,0.989,1.0,1.0,0.697
R277,150,0.818,0.977,1.0,1.0,0.58
R278,150,1.0,0.988,0.0,0.0,0.782
R279,744,1.0,0.977,1.0,1.0,0.97
R280,150,0.538,0.996,0.3155,0.0,0.919
R281,249,1.0,0.997,0.858,0.863,0.947
R282,150,1.0,0.997,1.0,1.0,0.71
R283,150,0.818,0.988,0.0,0.0,0.61
R284,150,0.667,0.992,0.6548,0.7227,0.648
R285,1132,0.429,0.996,1.0,1.0,0.687
R286,150,0.667,0.993,0.906,1.0,1.03
R287,150,1.0,0.993,1.0,1.0,1.074
R288,237,0.818,0.996,0.0,0.0,0.667
R289,150,0.818,0.995,1.0,1.0,0.805
R290,150,0.538,0.994,0.0,0.0,0.459
R291,150,1.0,0.998,1.0,1.0,0.967
R292,1023,1.0,0.99,1.0,1.0,0.674
R293,1319,0.538,0.997,1.0,1.0,0.702
R294,150,1.0,0.995,0.0,0.0,0.63
R295,150,0.818,0.998,1.0,1.0,0.654
R296,150,0.818,0.997,1.0,1.0,0.785
R297,150,0.818,0.997,0.7799,0.7799,0.816
R298,150,1.0,0.995,0.9292,0.9292,0.953
R299,237,1.0,0.997,1.0,1.0,0.864
R300,249,1.0,0.997,1.0,1.0,0.603
R301,150,0.818,0.989,0.8512,0.8512,0.801
R302,2223,0.818,0.997,1.0,1.0,0.884
R303,150,0.818,0.988,0.0,0.0,0.491
R304,367,0.818,0.995,1.0,1.0,0.564
R305,367,0.818,0.997,0.9216,0.9266,0.861
R306,150,0.818,0.995,0.9364,1.0,0.874
R307,150,0.818,0.994,0.9608,0.9877,1.17
R308,150,0.667,0.998,1.0,1.0,0.826
R309,150,1.0,0.997,0.301,0.3155,0.641
R310,150,0.667,0.997,0.6131,0.6131,0.842
R311,1132,0.818,0.994,1.0,1.0,0.592
R312,1319,1.0,0.997,1.0,1.0,0.655
R313,150,1.0,0.994,1.0,1.0,0.919
R314,150,1.0,0.996,1.0,1.0,0.981
R315,150,1.0,0.996,1.0,1.0,0.715
R316,367,0.818,0.996,1.0,0.9216,0.744
R317,150,0.667,0.994,1.0,1.0,0.973
R318,150,0.667,0.994,0.0,0.0,0.868
R319,150,0.667,0.995,0.0,0.0,0.801
R320,150,0.818,0.996,1.0,1.0,0.776
R321,288,0.176,0.994,0.7511,0.839,0.917
R322,150,0.818,0.982,0.0,0.0,0.719
R323,237,0.818,0.996,0.7654,0.7654,0.469
R324,150,0.667,0.986,0.6131,0.6131,0.91
R325,150,0.818,0.99,1.0,1.0,0.731
R326,288,0.538,0.995,0.8105,0.8105,0.863
R327,237,1.0,0.987,0.9266,0.9149,0.798
R328,1023,0.818,0.982,1.0,1.0,0.673
R329,150,1.0,0.992,0.9675,0.9066,0.69
R330,367,0.818,0.996,1.0,1.0,0.688
R331,150,0.818,0.995,0.0,0.0,0.838
R332,150,1.0,0.996,1.0,1.0,0.902
R333,1023,0.818,0.974,0.9364,0.9337,0.657
R334,2223,0.667,0.997,1.0,1.0,0.778
R335,150,0.667,0.997,1.0,1.0,0.629
R336,150,0.818,0.993,0.6131,0.6131,0.742
R337,1323,0.818,0.981,0.7638,0.7767,0.668
R338,150,0.667,0.99,0.9084,0.9084,0.85
R339,2223,1.0,0.988,1.0,1.0,0.642
R340,150,0.667,0.995,0.0,0.0,0.773
R341,385,0.818,0.996,1.0,1.0,0.842
R342,1319,0.818,0.988,1.0,1.0,0.744
R343,150,0.667,0.998,1.0,1.0,0.874
R344,150,0.818,0.996,0.5857,0.5857,1.003
R345,1132,0.818,0.998,1.0,1.0,0.637
R346,1323,0.818,0.998,1.0,1.0,0.77
R347,150,1.0,0.979,0.0,0.0,0.804
R348,1319,0.667,0.996,1.0,1.0,0.795
R349,150,0.538,0.994,0.8688,0.8688,1.077
R350,150,0.818,0.984,1.0,1.0,0.741
R351,150,1.0,0.99,1.0,1.0,0.738
R352,150,0.667,0.994,1.0,1.0,0.71
R353,150,1.0,0.993,1.0,1.0,0.933
R354,249,0.667,0.996,1.0,1.0,0.646
R355,288,0.538,0.995,1.0,1.0,0.862
R356,1319,0.818,0.99,1.0,1.0,0.766
R357,288,0.818,0.989,0.8922,0.9797,0.763
R358,487,1.0,0.994,1.0,1.0,0.804
R359,150,0.818,0.993,1.0,1.0,0.829
R360,2223,0.429,0.99,0.9337,0.89,0.719
R361,1323,0.818,0.976,1.0,1.0,0.805
R362,150,0.25,0.982,0.6131,0.6131,0.658
R363,385,0.667,0.998,1.0,1.0,0.71
R364,150,1.0,0.984,0.8105,0.8105,1.188
R365,150,1.0,0.998,1.0,1.0,0.769
R366,487,0.429,0.978,0.0,0.0,0.629
R367,150,0.667,0.98,0.0,0.0,0.668
R368,249,0.429,0.994,1.0,1.0,0.725
R369,150,1.0,0.995,1.0,1.0,0.68
R370,288,0.538,0.997,0.0,0.0,0.613
R371,150,0.667,0.986,0.0,0.0,0.733
R372,1132,0.667,0.989,1.0,1.0,0.795
R373,1323,0.818,0.997,1.0,1.0,0.875
R374,367,1.0,0.968,1.0,1.0,1.081
R375,2223,0.667,0.997,1.0,1.0,0.666
R376,487,0.818,0.991,1.0,1.0,1.376
R377,150,1.0,0.991,0.0,0.0,0.714
R378,150,1.0,0.996,0.9715,1.0,0.566
R379,150,0.818,0.995,0.0,0.0,1.109
R380,150,0.667,0.994,1.0,1.0,0.737
R381,150,0.333,0.981,0.9709,0.8688,1.013
R382,2223,1.0,0.994,1.0,1.0,0.688
R383,2223,1.0,0.988,0.9266,0.9266,0.556
R384,288,0.667,0.982,0.0,0.0,0.732
R385,1132,0.667,0.963,1.0,1.0,0.691
R386,150,0.667,0.995,0.0,0.0,0.759
R387,249,0.667,0.996,1.0,1.0,0.655
R388,1023,1.0,0.991,1.0,1.0,0.791
R389,150,0.818,0.991,1.0,1.0,1.186
R390,150,0.667,0.987,0.0,0.0,0.496
R391,150,0.667,0.993,1.0,1.0,0.905
R392,150,0.667,0.982,1.0,1.0,0.531
R393,150,1.0,0.996,1.0,1.0,0.763
R394,150,0.538,0.95,0.0,0.0,0.471
R395,1023,0.818,0.966,0.8105,0.8105,0.685
R396,487,1.0,0.995,0.89,0.89,0.768
R397,150,0.818,0.992,1.0,1.0,0.765
R398,1323,0.818,0.996,1.0,1.0,0.867
R399,249,0.818,0.993,0.9337,1.0,1.361
R400,150,0.818,0.995,1.0,1.0,0.563
R401,150,1.0,0.994,1.0,1.0,0.858
R402,249,0.667,0.998,0.9052,1.0,0.788
R403,744,0.333,0.996,0.0,0.0,0.545
R404,150,1.0,0.999,0.8922,0.8922,0.802
R405,1132,0.818,0.995,1.0,1.0,0.662
R406,2223,1.0,0.996,0.9337,0.9306,0.661
R407,385,0.818,0.983,0.5531,0.6512,0.883
R408,2223,0.818,0.998,1.0,1.0,0.752
R409,150,0.818,0.99,0.0,0.0,1.09
R410,150,0.818,0.99,1.0,1.0,0.767
R411,1319,0.818,0.996,1.0,1.0,0.81
R412,150,1.0,0.997,1.0,1.0,0.698
R413,150,0.818,0.994,0.8319,0.8319,1.277
R414,150,0.818,0.995,1.0,1.0,0.795
R415,150,0.667,0.99,1.0,1.0,0.725
R416,150,1.0,0.993,1.0,1.0,0.617
R417,150,1.0,0.994,1.0,1.0,0.923
R418,150,1.0,0.997,1.0,1.0,0.778
R419,150,1.0,0.997,1.0,1.0,0.645
R420,150,0.818,0.998,1.0,1.0,0.598
R421,150,0.818,0.989,1.0,1.0,1.066
R422,150,0.667,0.995,0.8922,0.8922,1.099
R423,150,1.0,0.991,1.0,1.0,0.85
R424,150,0.818,0.997,1.0,1.0,0.748
R425,150,1.0,0.998,1.0,1.0,0.755
R426,1323,0.667,0.984,0.9202,0.9202,0.579
R427,150,0.818,0.994,0.7975,0.9052,1.116
R428,150,1.0,0.997,1.0,1.0,0.804
R429,150,0.818,0.993,0.0,0.0,0.839
R430,208,0.538,0.997,1.0,1.0,0.776
R431,2223,0.818,0.996,1.0,1.0,0.825
R432,150,0.818,0.986,1.0,1.0,0.998
R433,150,0.818,0.995,1.0,1.0,0.757
R434,385,0.429,0.996,0.6131,0.6131,0.592
R435,150,1.0,0.99,0.4693,0.4693,1.005
R436,150,1.0,0.991,1.0,1.0,0.555
R437,150,1.0,0.982,0.0,0.0,0.885
R438,744,0.111,0.965,0.4693,0.4693,0.846
R439,150,0.818,0.994,0.9364,0.9337,1.161
R440,237,0.818,0.995,1.0,1.0,0.896
R441,237,0.667,0.997,0.9266,0.9216,0.763
R442,208,0.538,0.996,1.0,1.0,0.685
R443,150,1.0,0.994,0.7041,0.7041,0.942
R444,150,1.0,0.997,0.9259,0.9292,1.099
R445,150,0.818,0.995,1.0,1.0,0.886
R446,150,0.667,0.989,1.0,1.0,0.745
R447,150,0.818,0.997,1.0,0.9337,0.923
R448,367,0.818,0.971,1.0,1.0,0.927
R449,150,0.818,0.995,0.7885,0.8454,1.02
R450,288,0.667,0.995,1.0,1.0,1.053
R451,150,1.0,0.994,0.0,0.0,0.638
R452,487,0.538,0.99,1.0,1.0,0.626
R453,150,0.667,0.987,0.7458,0.7458,0.905
R454,288,1.0,0.989,0.7227,0.6992,0.865
R455,150,1.0,0.993,0.0,0.0,0.772
R456,150,0.333,0.99,1.0,1.0,1.015
R457,385,0.818,0.991,0.9266,0.9266,0.791
R458,237,0.818,0.996,0.9052,0.9337,1.122
R459,150,0.818,0.994,0.0,0.0,0.842
R460,237,0.667,0.994,0.9266,0.9364,1.054
R461,150,0.818,0.939,0.0,0.0,0.593
R462,1319,0.818,0.998,1.0,1.0,0.737
R463,1323,1.0,0.993,1.0,1.0,0.775
R464,150,1.0,0.996,0.6448,0.6448,0.75
R465,288,0.818,0.992,1.0,1.0,0.723
R466,150,0.818,0.988,1.0,1.0,1.025
R467,150,0.818,0.998,0.9337,0.9337,1.024
R468,1323,0.818,0.997,1.0,1.0,0.785
R469,150,0.818,0.996,1.0,1.0,0.799
R470,487,0.538,0.992,1.0,1.0,0.74
R471,150,0.818,0.992,1.0,1.0,0.996
R472,150,1.0,0.995,0.0,0.0,0.963
R473,744,0.818,0.997,1.0,1.0,0.749
R474,150,1.0,0.989,0.0,0.0,1.017
R475,150,0.818,0.993,0.0,0.0,0.681
R476,1023,1.0,0.998,1.0,1.0,0.572
R477,150,0.818,0.996,1.0,1.0,0.667
R478,367,0.818,0.993,0.0,0.0,0.691
R479,150,0.818,0.997,0.9292,0.9972,0.919
R480,1132,0.667,0.997,1.0,1.0,0.693
R481,150,0.818,0.994,0.4307,0.3869,0.943
R482,367,0.429,0.997,1.0,1.0,0.761
R483,150,0.818,0.991,0.3869,0.4307,1.008
R484,1132,0.818,0.997,1.0,1.0,0.746
R485,1132,0.818,0.996,1.0,1.0,0.814
R486,150,0.818,0.996,0.0,0.0,0.524
R487,150,0.818,0.992,0.0,0.0,0.422
R488,150,1.0,0.987,0.0,0.0,0.603
R489,744,0.818,0.998,1.0,1.0,0.699
R490,150,1.0,0.983,0.0,0.0,0.598
R491,487,0.818,0.968,1.0,1.0,0.569
R492,150,1.0,0.997,1.0,1.0,0.713
R493,150,1.0,0.996,1.0,1.0,0.858
R494,2223,0.538,0.975,1.0,1.0,0.795
R495,150,0.818,0.995,1.0,1.0,0.677
R496,744,0.667,0.991,1.0,1.0,0.679
R497,1132,0.818,0.996,1.0,1.0,0.628
R498,744,0.818,0.979,1.0,1.0,1.622
R499,150,1.0,0.997,0.0,0.0,0.854
R500,237,0.818,0.995,0.8669,0.8701,0.868
