口径,任务,实验,模型,特征,重要性
按简历,T1回归,①全特征+纯净标签,随机森林,简历技能数,0.00026
按简历,T1回归,①全特征+纯净标签,随机森林,岗位技能要求数,0.00713
按简历,T1回归,①全特征+纯净标签,随机森林,技能命中数,0.05363
按简历,T1回归,①全特征+纯净标签,随机森林,技能精确命中数,0.00021
按简历,T1回归,①全特征+纯净标签,随机森林,岗位技能标签数,0.00018
按简历,T1回归,①全特征+纯净标签,随机森林,岗位名称与期望岗位相似度,0.00038
按简历,T1回归,①全特征+纯净标签,随机森林,描述与简历文本相似度,0.00052
按简历,T1回归,①全特征+纯净标签,随机森林,描述与技能特长相似度,0.02424
按简历,T1回归,①全特征+纯净标签,随机森林,专业命中岗位描述,0.01382
按简历,T1回归,①全特征+纯净标签,随机森林,简历工作年限,0.41503
按简历,T1回归,①全特征+纯净标签,随机森林,是否应届,0.0
按简历,T1回归,①全特征+纯净标签,随机森林,岗位经验下限,0.07926
按简历,T1回归,①全特征+纯净标签,随机森林,岗位经验上限,0.08553
按简历,T1回归,①全特征+纯净标签,随机森林,岗位经验不限,3e-05
按简历,T1回归,①全特征+纯净标签,随机森林,岗位经验缺失,0.0375
按简历,T1回归,①全特征+纯净标签,随机森林,简历学历序数,0.02527
按简历,T1回归,①全特征+纯净标签,随机森林,岗位学历要求序数,0.0377
按简历,T1回归,①全特征+纯净标签,随机森林,距离km,0.18651
按简历,T1回归,①全特征+纯净标签,随机森林,是否同城,0.00058
按简历,T1回归,①全特征+纯净标签,随机森林,是否同省,4e-05
按简历,T1回归,①全特征+纯净标签,随机森林,岗位城市岗位数,0.00055
按简历,T1回归,①全特征+纯净标签,随机森林,岗位城市简历数,0.00027
按简历,T1回归,①全特征+纯净标签,随机森林,简历期望薪资下限,0.00332
按简历,T1回归,①全特征+纯净标签,随机森林,期望薪资面议,0.00118
按简历,T1回归,①全特征+纯净标签,随机森林,岗位薪资下限,0.00048
按简历,T1回归,①全特征+纯净标签,随机森林,岗位薪资上限,0.00108
按简历,T1回归,①全特征+纯净标签,随机森林,薪资上限与期望下限比,0.0209
按简历,T1回归,①全特征+纯净标签,随机森林,技术认证数,0.00059
按简历,T1回归,①全特征+纯净标签,随机森林,通用证书数,0.00016
按简历,T1回归,①全特征+纯净标签,随机森林,技术认证方向命中数,0.00256
按简历,T1回归,①全特征+纯净标签,随机森林,岗位大类,0.00017
按简历,T1回归,①全特征+纯净标签,随机森林,期望岗位大类,0.00037
按简历,T1回归,①全特征+纯净标签,随机森林,岗位大类一致,5e-05
按简历,T1回归,①全特征+纯净标签,随机森林,今日回复数,0.0002
按简历,T1回归,①全特征+纯净标签,随机森林,是否在线,4e-05
按简历,T1回归,①全特征+纯净标签,随机森林,同公司岗位数,0.00027
按简历,T1回归,①全特征+纯净标签,XGBoost,简历技能数,0.01189
按简历,T1回归,①全特征+纯净标签,XGBoost,岗位技能要求数,0.00326
按简历,T1回归,①全特征+纯净标签,XGBoost,技能命中数,0.0216
按简历,T1回归,①全特征+纯净标签,XGBoost,技能精确命中数,0.00027
按简历,T1回归,①全特征+纯净标签,XGBoost,岗位技能标签数,0.00046
按简历,T1回归,①全特征+纯净标签,XGBoost,岗位名称与期望岗位相似度,8e-05
按简历,T1回归,①全特征+纯净标签,XGBoost,描述与简历文本相似度,7e-05
按简历,T1回归,①全特征+纯净标签,XGBoost,描述与技能特长相似度,0.01545
按简历,T1回归,①全特征+纯净标签,XGBoost,专业命中岗位描述,0.01891
按简历,T1回归,①全特征+纯净标签,XGBoost,简历工作年限,0.12758
按简历,T1回归,①全特征+纯净标签,XGBoost,是否应届,0.19309
按简历,T1回归,①全特征+纯净标签,XGBoost,岗位经验下限,0.04889
按简历,T1回归,①全特征+纯净标签,XGBoost,岗位经验上限,0.0542
按简历,T1回归,①全特征+纯净标签,XGBoost,岗位经验不限,0.00041
按简历,T1回归,①全特征+纯净标签,XGBoost,岗位经验缺失,0.08485
按简历,T1回归,①全特征+纯净标签,XGBoost,简历学历序数,0.02383
按简历,T1回归,①全特征+纯净标签,XGBoost,岗位学历要求序数,0.02338
按简历,T1回归,①全特征+纯净标签,XGBoost,距离km,0.10035
按简历,T1回归,①全特征+纯净标签,XGBoost,是否同城,0.18722
按简历,T1回归,①全特征+纯净标签,XGBoost,是否同省,0.02605
按简历,T1回归,①全特征+纯净标签,XGBoost,岗位城市岗位数,0.00093
按简历,T1回归,①全特征+纯净标签,XGBoost,岗位城市简历数,0.0003
按简历,T1回归,①全特征+纯净标签,XGBoost,简历期望薪资下限,0.00978
按简历,T1回归,①全特征+纯净标签,XGBoost,期望薪资面议,0.00748
按简历,T1回归,①全特征+纯净标签,XGBoost,岗位薪资下限,0.00086
按简历,T1回归,①全特征+纯净标签,XGBoost,岗位薪资上限,0.00227
按简历,T1回归,①全特征+纯净标签,XGBoost,薪资上限与期望下限比,0.01111
按简历,T1回归,①全特征+纯净标签,XGBoost,技术认证数,0.01225
按简历,T1回归,①全特征+纯净标签,XGBoost,通用证书数,0.00028
按简历,T1回归,①全特征+纯净标签,XGBoost,技术认证方向命中数,0.0122
按简历,T1回归,①全特征+纯净标签,XGBoost,岗位大类,5e-05
按简历,T1回归,①全特征+纯净标签,XGBoost,期望岗位大类,0.00029
按简历,T1回归,①全特征+纯净标签,XGBoost,岗位大类一致,0.0002
按简历,T1回归,①全特征+纯净标签,XGBoost,今日回复数,5e-05
按简历,T1回归,①全特征+纯净标签,XGBoost,是否在线,3e-05
按简历,T1回归,①全特征+纯净标签,XGBoost,同公司岗位数,9e-05
按简历,T1回归,②全特征+噪声标签,随机森林,简历技能数,0.00066
按简历,T1回归,②全特征+噪声标签,随机森林,岗位技能要求数,0.00795
按简历,T1回归,②全特征+噪声标签,随机森林,技能命中数,0.05141
按简历,T1回归,②全特征+噪声标签,随机森林,技能精确命中数,0.00027
按简历,T1回归,②全特征+噪声标签,随机森林,岗位技能标签数,0.00094
按简历,T1回归,②全特征+噪声标签,随机森林,岗位名称与期望岗位相似度,0.00192
按简历,T1回归,②全特征+噪声标签,随机森林,描述与简历文本相似度,0.00301
按简历,T1回归,②全特征+噪声标签,随机森林,描述与技能特长相似度,0.02594
按简历,T1回归,②全特征+噪声标签,随机森林,专业命中岗位描述,0.01354
按简历,T1回归,②全特征+噪声标签,随机森林,简历工作年限,0.40791
按简历,T1回归,②全特征+噪声标签,随机森林,是否应届,0.0
按简历,T1回归,②全特征+噪声标签,随机森林,岗位经验下限,0.07662
按简历,T1回归,②全特征+噪声标签,随机森林,岗位经验上限,0.08518
按简历,T1回归,②全特征+噪声标签,随机森林,岗位经验不限,3e-05
按简历,T1回归,②全特征+噪声标签,随机森林,岗位经验缺失,0.03678
按简历,T1回归,②全特征+噪声标签,随机森林,简历学历序数,0.02405
按简历,T1回归,②全特征+噪声标签,随机森林,岗位学历要求序数,0.03791
按简历,T1回归,②全特征+噪声标签,随机森林,距离km,0.18368
按简历,T1回归,②全特征+噪声标签,随机森林,是否同城,0.0005
按简历,T1回归,②全特征+噪声标签,随机森林,是否同省,0.00012
按简历,T1回归,②全特征+噪声标签,随机森林,岗位城市岗位数,0.00126
按简历,T1回归,②全特征+噪声标签,随机森林,岗位城市简历数,0.00062
按简历,T1回归,②全特征+噪声标签,随机森林,简历期望薪资下限,0.0037
按简历,T1回归,②全特征+噪声标签,随机森林,期望薪资面议,0.00116
按简历,T1回归,②全特征+噪声标签,随机森林,岗位薪资下限,0.00162
按简历,T1回归,②全特征+噪声标签,随机森林,岗位薪资上限,0.00222
按简历,T1回归,②全特征+噪声标签,随机森林,薪资上限与期望下限比,0.02255
按简历,T1回归,②全特征+噪声标签,随机森林,技术认证数,0.0009
按简历,T1回归,②全特征+噪声标签,随机森林,通用证书数,0.00038
按简历,T1回归,②全特征+噪声标签,随机森林,技术认证方向命中数,0.0027
按简历,T1回归,②全特征+噪声标签,随机森林,岗位大类,0.00071
按简历,T1回归,②全特征+噪声标签,随机森林,期望岗位大类,0.00078
按简历,T1回归,②全特征+噪声标签,随机森林,岗位大类一致,0.00019
按简历,T1回归,②全特征+噪声标签,随机森林,今日回复数,0.00106
按简历,T1回归,②全特征+噪声标签,随机森林,是否在线,0.00027
按简历,T1回归,②全特征+噪声标签,随机森林,同公司岗位数,0.00147
按简历,T1回归,②全特征+噪声标签,XGBoost,简历技能数,0.01062
按简历,T1回归,②全特征+噪声标签,XGBoost,岗位技能要求数,0.00294
按简历,T1回归,②全特征+噪声标签,XGBoost,技能命中数,0.02169
按简历,T1回归,②全特征+噪声标签,XGBoost,技能精确命中数,0.00078
按简历,T1回归,②全特征+噪声标签,XGBoost,岗位技能标签数,0.00028
按简历,T1回归,②全特征+噪声标签,XGBoost,岗位名称与期望岗位相似度,0.00015
按简历,T1回归,②全特征+噪声标签,XGBoost,描述与简历文本相似度,0.00015
按简历,T1回归,②全特征+噪声标签,XGBoost,描述与技能特长相似度,0.01313
按简历,T1回归,②全特征+噪声标签,XGBoost,专业命中岗位描述,0.01783
按简历,T1回归,②全特征+噪声标签,XGBoost,简历工作年限,0.13156
按简历,T1回归,②全特征+噪声标签,XGBoost,是否应届,0.2174
按简历,T1回归,②全特征+噪声标签,XGBoost,岗位经验下限,0.05382
按简历,T1回归,②全特征+噪声标签,XGBoost,岗位经验上限,0.0502
按简历,T1回归,②全特征+噪声标签,XGBoost,岗位经验不限,0.00039
按简历,T1回归,②全特征+噪声标签,XGBoost,岗位经验缺失,0.07299
按简历,T1回归,②全特征+噪声标签,XGBoost,简历学历序数,0.02709
按简历,T1回归,②全特征+噪声标签,XGBoost,岗位学历要求序数,0.02159
按简历,T1回归,②全特征+噪声标签,XGBoost,距离km,0.08852
按简历,T1回归,②全特征+噪声标签,XGBoost,是否同城,0.18919
按简历,T1回归,②全特征+噪声标签,XGBoost,是否同省,0.02875
按简历,T1回归,②全特征+噪声标签,XGBoost,岗位城市岗位数,0.0002
按简历,T1回归,②全特征+噪声标签,XGBoost,岗位城市简历数,0.00016
按简历,T1回归,②全特征+噪声标签,XGBoost,简历期望薪资下限,0.00868
按简历,T1回归,②全特征+噪声标签,XGBoost,期望薪资面议,0.00488
按简历,T1回归,②全特征+噪声标签,XGBoost,岗位薪资下限,0.00053
按简历,T1回归,②全特征+噪声标签,XGBoost,岗位薪资上限,0.00149
按简历,T1回归,②全特征+噪声标签,XGBoost,薪资上限与期望下限比,0.00898
按简历,T1回归,②全特征+噪声标签,XGBoost,技术认证数,0.01076
按简历,T1回归,②全特征+噪声标签,XGBoost,通用证书数,0.00033
按简历,T1回归,②全特征+噪声标签,XGBoost,技术认证方向命中数,0.01369
按简历,T1回归,②全特征+噪声标签,XGBoost,岗位大类,0.00018
按简历,T1回归,②全特征+噪声标签,XGBoost,期望岗位大类,0.00031
按简历,T1回归,②全特征+噪声标签,XGBoost,岗位大类一致,0.00038
按简历,T1回归,②全特征+噪声标签,XGBoost,今日回复数,0.00012
按简历,T1回归,②全特征+噪声标签,XGBoost,是否在线,0.0001
按简历,T1回归,②全特征+噪声标签,XGBoost,同公司岗位数,0.00013
按简历,T2分类,②全特征+噪声标签,随机森林,简历技能数,0.03677
按简历,T2分类,②全特征+噪声标签,随机森林,岗位技能要求数,0.01339
按简历,T2分类,②全特征+噪声标签,随机森林,技能命中数,0.05319
按简历,T2分类,②全特征+噪声标签,随机森林,技能精确命中数,0.00688
按简历,T2分类,②全特征+噪声标签,随机森林,岗位技能标签数,0.00468
按简历,T2分类,②全特征+噪声标签,随机森林,岗位名称与期望岗位相似度,0.00897
按简历,T2分类,②全特征+噪声标签,随机森林,描述与简历文本相似度,0.01575
按简历,T2分类,②全特征+噪声标签,随机森林,描述与技能特长相似度,0.05568
按简历,T2分类,②全特征+噪声标签,随机森林,专业命中岗位描述,0.01336
按简历,T2分类,②全特征+噪声标签,随机森林,简历工作年限,0.14712
按简历,T2分类,②全特征+噪声标签,随机森林,是否应届,0.09593
按简历,T2分类,②全特征+噪声标签,随机森林,岗位经验下限,0.0605
按简历,T2分类,②全特征+噪声标签,随机森林,岗位经验上限,0.05777
按简历,T2分类,②全特征+噪声标签,随机森林,岗位经验不限,0.00044
按简历,T2分类,②全特征+噪声标签,随机森林,岗位经验缺失,0.0438
按简历,T2分类,②全特征+噪声标签,随机森林,简历学历序数,0.01414
按简历,T2分类,②全特征+噪声标签,随机森林,岗位学历要求序数,0.02191
按简历,T2分类,②全特征+噪声标签,随机森林,距离km,0.07889
按简历,T2分类,②全特征+噪声标签,随机森林,是否同城,0.06144
按简历,T2分类,②全特征+噪声标签,随机森林,是否同省,0.03566
按简历,T2分类,②全特征+噪声标签,随机森林,岗位城市岗位数,0.00925
按简历,T2分类,②全特征+噪声标签,随机森林,岗位城市简历数,0.00559
按简历,T2分类,②全特征+噪声标签,随机森林,简历期望薪资下限,0.03261
按简历,T2分类,②全特征+噪声标签,随机森林,期望薪资面议,0.00363
按简历,T2分类,②全特征+噪声标签,随机森林,岗位薪资下限,0.01111
按简历,T2分类,②全特征+噪声标签,随机森林,岗位薪资上限,0.01467
按简历,T2分类,②全特征+噪声标签,随机森林,薪资上限与期望下限比,0.04283
按简历,T2分类,②全特征+噪声标签,随机森林,技术认证数,0.01033
按简历,T2分类,②全特征+噪声标签,随机森林,通用证书数,0.00607
按简历,T2分类,②全特征+噪声标签,随机森林,技术认证方向命中数,0.01065
按简历,T2分类,②全特征+噪声标签,随机森林,岗位大类,0.0051
按简历,T2分类,②全特征+噪声标签,随机森林,期望岗位大类,0.00731
按简历,T2分类,②全特征+噪声标签,随机森林,岗位大类一致,0.00265
按简历,T2分类,②全特征+噪声标签,随机森林,今日回复数,0.00431
按简历,T2分类,②全特征+噪声标签,随机森林,是否在线,0.00119
按简历,T2分类,②全特征+噪声标签,随机森林,同公司岗位数,0.00643
按简历,T2分类,②全特征+噪声标签,XGBoost,简历技能数,0.01286
按简历,T2分类,②全特征+噪声标签,XGBoost,岗位技能要求数,0.00552
按简历,T2分类,②全特征+噪声标签,XGBoost,技能命中数,0.04245
按简历,T2分类,②全特征+噪声标签,XGBoost,技能精确命中数,0.0029
按简历,T2分类,②全特征+噪声标签,XGBoost,岗位技能标签数,0.0027
按简历,T2分类,②全特征+噪声标签,XGBoost,岗位名称与期望岗位相似度,0.00238
按简历,T2分类,②全特征+噪声标签,XGBoost,描述与简历文本相似度,0.00258
按简历,T2分类,②全特征+噪声标签,XGBoost,描述与技能特长相似度,0.01602
按简历,T2分类,②全特征+噪声标签,XGBoost,专业命中岗位描述,0.02604
按简历,T2分类,②全特征+噪声标签,XGBoost,简历工作年限,0.11884
按简历,T2分类,②全特征+噪声标签,XGBoost,是否应届,0.30015
按简历,T2分类,②全特征+噪声标签,XGBoost,岗位经验下限,0.04424
按简历,T2分类,②全特征+噪声标签,XGBoost,岗位经验上限,0.03867
按简历,T2分类,②全特征+噪声标签,XGBoost,岗位经验不限,0.00328
按简历,T2分类,②全特征+噪声标签,XGBoost,岗位经验缺失,0.09182
按简历,T2分类,②全特征+噪声标签,XGBoost,简历学历序数,0.02287
按简历,T2分类,②全特征+噪声标签,XGBoost,岗位学历要求序数,0.0253
按简历,T2分类,②全特征+噪声标签,XGBoost,距离km,0.04935
按简历,T2分类,②全特征+噪声标签,XGBoost,是否同城,0.08177
按简历,T2分类,②全特征+噪声标签,XGBoost,是否同省,0.01089
按简历,T2分类,②全特征+噪声标签,XGBoost,岗位城市岗位数,0.00278
按简历,T2分类,②全特征+噪声标签,XGBoost,岗位城市简历数,0.00268
按简历,T2分类,②全特征+噪声标签,XGBoost,简历期望薪资下限,0.00945
按简历,T2分类,②全特征+噪声标签,XGBoost,期望薪资面议,0.02327
按简历,T2分类,②全特征+噪声标签,XGBoost,岗位薪资下限,0.00258
按简历,T2分类,②全特征+噪声标签,XGBoost,岗位薪资上限,0.00367
按简历,T2分类,②全特征+噪声标签,XGBoost,薪资上限与期望下限比,0.01412
按简历,T2分类,②全特征+噪声标签,XGBoost,技术认证数,0.00582
按简历,T2分类,②全特征+噪声标签,XGBoost,通用证书数,0.00344
按简历,T2分类,②全特征+噪声标签,XGBoost,技术认证方向命中数,0.0164
按简历,T2分类,②全特征+噪声标签,XGBoost,岗位大类,0.00256
按简历,T2分类,②全特征+噪声标签,XGBoost,期望岗位大类,0.00284
按简历,T2分类,②全特征+噪声标签,XGBoost,岗位大类一致,0.00321
按简历,T2分类,②全特征+噪声标签,XGBoost,今日回复数,0.00222
按简历,T2分类,②全特征+噪声标签,XGBoost,是否在线,0.00207
按简历,T2分类,②全特征+噪声标签,XGBoost,同公司岗位数,0.00226
按简历,T1回归,③仅文本相似度特征,随机森林,岗位名称与期望岗位相似度,0.23046
按简历,T1回归,③仅文本相似度特征,随机森林,描述与简历文本相似度,0.36195
按简历,T1回归,③仅文本相似度特征,随机森林,描述与技能特长相似度,0.40759
按简历,T1回归,③仅文本相似度特征,XGBoost,岗位名称与期望岗位相似度,0.07295
按简历,T1回归,③仅文本相似度特征,XGBoost,描述与简历文本相似度,0.3559
按简历,T1回归,③仅文本相似度特征,XGBoost,描述与技能特长相似度,0.57114
按简历,T2分类,③仅文本相似度特征,随机森林,岗位名称与期望岗位相似度,0.29023
按简历,T2分类,③仅文本相似度特征,随机森林,描述与简历文本相似度,0.39247
按简历,T2分类,③仅文本相似度特征,随机森林,描述与技能特长相似度,0.3173
按简历,T2分类,③仅文本相似度特征,XGBoost,岗位名称与期望岗位相似度,0.1676
按简历,T2分类,③仅文本相似度特征,XGBoost,描述与简历文本相似度,0.35053
按简历,T2分类,③仅文本相似度特征,XGBoost,描述与技能特长相似度,0.48187
按岗位,T1回归,①全特征+纯净标签,随机森林,简历技能数,0.00029
按岗位,T1回归,①全特征+纯净标签,随机森林,岗位技能要求数,0.00749
按岗位,T1回归,①全特征+纯净标签,随机森林,技能命中数,0.0798
按岗位,T1回归,①全特征+纯净标签,随机森林,技能精确命中数,0.00011
按岗位,T1回归,①全特征+纯净标签,随机森林,岗位技能标签数,0.00018
按岗位,T1回归,①全特征+纯净标签,随机森林,岗位名称与期望岗位相似度,0.00037
按岗位,T1回归,①全特征+纯净标签,随机森林,描述与简历文本相似度,0.00055
按岗位,T1回归,①全特征+纯净标签,随机森林,描述与技能特长相似度,0.00175
按岗位,T1回归,①全特征+纯净标签,随机森林,专业命中岗位描述,0.01375
按岗位,T1回归,①全特征+纯净标签,随机森林,简历工作年限,0.40002
按岗位,T1回归,①全特征+纯净标签,随机森林,是否应届,0.0024
按岗位,T1回归,①全特征+纯净标签,随机森林,岗位经验下限,0.08445
按岗位,T1回归,①全特征+纯净标签,随机森林,岗位经验上限,0.0779
按岗位,T1回归,①全特征+纯净标签,随机森林,岗位经验不限,1e-05
按岗位,T1回归,①全特征+纯净标签,随机森林,岗位经验缺失,0.04023
按岗位,T1回归,①全特征+纯净标签,随机森林,简历学历序数,0.02779
按岗位,T1回归,①全特征+纯净标签,随机森林,岗位学历要求序数,0.03671
按岗位,T1回归,①全特征+纯净标签,随机森林,距离km,0.1893
按岗位,T1回归,①全特征+纯净标签,随机森林,是否同城,0.00057
按岗位,T1回归,①全特征+纯净标签,随机森林,是否同省,4e-05
按岗位,T1回归,①全特征+纯净标签,随机森林,岗位城市岗位数,0.00029
按岗位,T1回归,①全特征+纯净标签,随机森林,岗位城市简历数,0.00019
按岗位,T1回归,①全特征+纯净标签,随机森林,简历期望薪资下限,0.00373
按岗位,T1回归,①全特征+纯净标签,随机森林,期望薪资面议,0.00133
按岗位,T1回归,①全特征+纯净标签,随机森林,岗位薪资下限,0.00048
按岗位,T1回归,①全特征+纯净标签,随机森林,岗位薪资上限,0.00087
按岗位,T1回归,①全特征+纯净标签,随机森林,薪资上限与期望下限比,0.02423
按岗位,T1回归,①全特征+纯净标签,随机森林,技术认证数,0.00129
按岗位,T1回归,①全特征+纯净标签,随机森林,通用证书数,0.00016
按岗位,T1回归,①全特征+纯净标签,随机森林,技术认证方向命中数,0.00278
按岗位,T1回归,①全特征+纯净标签,随机森林,岗位大类,0.00016
按岗位,T1回归,①全特征+纯净标签,随机森林,期望岗位大类,0.00026
按岗位,T1回归,①全特征+纯净标签,随机森林,岗位大类一致,6e-05
按岗位,T1回归,①全特征+纯净标签,随机森林,今日回复数,0.00018
按岗位,T1回归,①全特征+纯净标签,随机森林,是否在线,4e-05
按岗位,T1回归,①全特征+纯净标签,随机森林,同公司岗位数,0.00027
按岗位,T1回归,①全特征+纯净标签,XGBoost,简历技能数,0.01076
按岗位,T1回归,①全特征+纯净标签,XGBoost,岗位技能要求数,0.00337
按岗位,T1回归,①全特征+纯净标签,XGBoost,技能命中数,0.02401
按岗位,T1回归,①全特征+纯净标签,XGBoost,技能精确命中数,0.00081
按岗位,T1回归,①全特征+纯净标签,XGBoost,岗位技能标签数,0.00051
按岗位,T1回归,①全特征+纯净标签,XGBoost,岗位名称与期望岗位相似度,7e-05
按岗位,T1回归,①全特征+纯净标签,XGBoost,描述与简历文本相似度,7e-05
按岗位,T1回归,①全特征+纯净标签,XGBoost,描述与技能特长相似度,0.01187
按岗位,T1回归,①全特征+纯净标签,XGBoost,专业命中岗位描述,0.01942
按岗位,T1回归,①全特征+纯净标签,XGBoost,简历工作年限,0.1086
按岗位,T1回归,①全特征+纯净标签,XGBoost,是否应届,0.18117
按岗位,T1回归,①全特征+纯净标签,XGBoost,岗位经验下限,0.0448
按岗位,T1回归,①全特征+纯净标签,XGBoost,岗位经验上限,0.04307
按岗位,T1回归,①全特征+纯净标签,XGBoost,岗位经验不限,0.00041
按岗位,T1回归,①全特征+纯净标签,XGBoost,岗位经验缺失,0.07733
按岗位,T1回归,①全特征+纯净标签,XGBoost,简历学历序数,0.02962
按岗位,T1回归,①全特征+纯净标签,XGBoost,岗位学历要求序数,0.02001
按岗位,T1回归,①全特征+纯净标签,XGBoost,距离km,0.12058
按岗位,T1回归,①全特征+纯净标签,XGBoost,是否同城,0.22957
按岗位,T1回归,①全特征+纯净标签,XGBoost,是否同省,0.02664
按岗位,T1回归,①全特征+纯净标签,XGBoost,岗位城市岗位数,0.00015
按岗位,T1回归,①全特征+纯净标签,XGBoost,岗位城市简历数,0.00011
按岗位,T1回归,①全特征+纯净标签,XGBoost,简历期望薪资下限,0.0079
按岗位,T1回归,①全特征+纯净标签,XGBoost,期望薪资面议,0.00642
按岗位,T1回归,①全特征+纯净标签,XGBoost,岗位薪资下限,0.00068
按岗位,T1回归,①全特征+纯净标签,XGBoost,岗位薪资上限,0.00177
按岗位,T1回归,①全特征+纯净标签,XGBoost,薪资上限与期望下限比,0.01233
按岗位,T1回归,①全特征+纯净标签,XGBoost,技术认证数,0.0033
按岗位,T1回归,①全特征+纯净标签,XGBoost,通用证书数,0.00044
按岗位,T1回归,①全特征+纯净标签,XGBoost,技术认证方向命中数,0.0127
按岗位,T1回归,①全特征+纯净标签,XGBoost,岗位大类,0.00013
按岗位,T1回归,①全特征+纯净标签,XGBoost,期望岗位大类,0.00022
按岗位,T1回归,①全特征+纯净标签,XGBoost,岗位大类一致,0.00093
按岗位,T1回归,①全特征+纯净标签,XGBoost,今日回复数,7e-05
按岗位,T1回归,①全特征+纯净标签,XGBoost,是否在线,2e-05
按岗位,T1回归,①全特征+纯净标签,XGBoost,同公司岗位数,0.00014
按岗位,T1回归,②全特征+噪声标签,随机森林,简历技能数,0.00065
按岗位,T1回归,②全特征+噪声标签,随机森林,岗位技能要求数,0.00836
按岗位,T1回归,②全特征+噪声标签,随机森林,技能命中数,0.07841
按岗位,T1回归,②全特征+噪声标签,随机森林,技能精确命中数,0.00015
按岗位,T1回归,②全特征+噪声标签,随机森林,岗位技能标签数,0.00096
按岗位,T1回归,②全特征+噪声标签,随机森林,岗位名称与期望岗位相似度,0.00187
按岗位,T1回归,②全特征+噪声标签,随机森林,描述与简历文本相似度,0.00297
按岗位,T1回归,②全特征+噪声标签,随机森林,描述与技能特长相似度,0.00244
按岗位,T1回归,②全特征+噪声标签,随机森林,专业命中岗位描述,0.01349
按岗位,T1回归,②全特征+噪声标签,随机森林,简历工作年限,0.39088
按岗位,T1回归,②全特征+噪声标签,随机森林,是否应届,0.00469
按岗位,T1回归,②全特征+噪声标签,随机森林,岗位经验下限,0.08511
按岗位,T1回归,②全特征+噪声标签,随机森林,岗位经验上限,0.07888
按岗位,T1回归,②全特征+噪声标签,随机森林,岗位经验不限,1e-05
按岗位,T1回归,②全特征+噪声标签,随机森林,岗位经验缺失,0.0348
按岗位,T1回归,②全特征+噪声标签,随机森林,简历学历序数,0.02546
按岗位,T1回归,②全特征+噪声标签,随机森林,岗位学历要求序数,0.03783
按岗位,T1回归,②全特征+噪声标签,随机森林,距离km,0.18661
按岗位,T1回归,②全特征+噪声标签,随机森林,是否同城,0.00048
按岗位,T1回归,②全特征+噪声标签,随机森林,是否同省,0.00011
按岗位,T1回归,②全特征+噪声标签,随机森林,岗位城市岗位数,0.00105
按岗位,T1回归,②全特征+噪声标签,随机森林,岗位城市简历数,0.00056
按岗位,T1回归,②全特征+噪声标签,随机森林,简历期望薪资下限,0.00471
按岗位,T1回归,②全特征+噪声标签,随机森林,期望薪资面议,0.001
按岗位,T1回归,②全特征+噪声标签,随机森林,岗位薪资下限,0.00156
按岗位,T1回归,②全特征+噪声标签,随机森林,岗位薪资上限,0.00197
按岗位,T1回归,②全特征+噪声标签,随机森林,薪资上限与期望下限比,0.0253
按岗位,T1回归,②全特征+噪声标签,随机森林,技术认证数,0.00164
按岗位,T1回归,②全特征+噪声标签,随机森林,通用证书数,0.00045
按岗位,T1回归,②全特征+噪声标签,随机森林,技术认证方向命中数,0.00318
按岗位,T1回归,②全特征+噪声标签,随机森林,岗位大类,0.0007
按岗位,T1回归,②全特征+噪声标签,随机森林,期望岗位大类,0.00073
按岗位,T1回归,②全特征+噪声标签,随机森林,岗位大类一致,0.00018
按岗位,T1回归,②全特征+噪声标签,随机森林,今日回复数,0.00106
按岗位,T1回归,②全特征+噪声标签,随机森林,是否在线,0.00025
按岗位,T1回归,②全特征+噪声标签,随机森林,同公司岗位数,0.00149
按岗位,T1回归,②全特征+噪声标签,XGBoost,简历技能数,0.00951
按岗位,T1回归,②全特征+噪声标签,XGBoost,岗位技能要求数,0.00292
按岗位,T1回归,②全特征+噪声标签,XGBoost,技能命中数,0.02445
按岗位,T1回归,②全特征+噪声标签,XGBoost,技能精确命中数,0.0007
按岗位,T1回归,②全特征+噪声标签,XGBoost,岗位技能标签数,0.0003
按岗位,T1回归,②全特征+噪声标签,XGBoost,岗位名称与期望岗位相似度,0.00015
按岗位,T1回归,②全特征+噪声标签,XGBoost,描述与简历文本相似度,0.00015
按岗位,T1回归,②全特征+噪声标签,XGBoost,描述与技能特长相似度,0.01085
按岗位,T1回归,②全特征+噪声标签,XGBoost,专业命中岗位描述,0.01721
按岗位,T1回归,②全特征+噪声标签,XGBoost,简历工作年限,0.12235
按岗位,T1回归,②全特征+噪声标签,XGBoost,是否应届,0.21342
按岗位,T1回归,②全特征+噪声标签,XGBoost,岗位经验下限,0.05312
按岗位,T1回归,②全特征+噪声标签,XGBoost,岗位经验上限,0.04735
按岗位,T1回归,②全特征+噪声标签,XGBoost,岗位经验不限,0.00043
按岗位,T1回归,②全特征+噪声标签,XGBoost,岗位经验缺失,0.06327
按岗位,T1回归,②全特征+噪声标签,XGBoost,简历学历序数,0.02735
按岗位,T1回归,②全特征+噪声标签,XGBoost,岗位学历要求序数,0.01814
按岗位,T1回归,②全特征+噪声标签,XGBoost,距离km,0.10024
按岗位,T1回归,②全特征+噪声标签,XGBoost,是否同城,0.21736
按岗位,T1回归,②全特征+噪声标签,XGBoost,是否同省,0.02787
按岗位,T1回归,②全特征+噪声标签,XGBoost,岗位城市岗位数,0.00021
按岗位,T1回归,②全特征+噪声标签,XGBoost,岗位城市简历数,0.00022
按岗位,T1回归,②全特征+噪声标签,XGBoost,简历期望薪资下限,0.0064
按岗位,T1回归,②全特征+噪声标签,XGBoost,期望薪资面议,0.00569
按岗位,T1回归,②全特征+噪声标签,XGBoost,岗位薪资下限,0.00054
按岗位,T1回归,②全特征+噪声标签,XGBoost,岗位薪资上限,0.00138
按岗位,T1回归,②全特征+噪声标签,XGBoost,薪资上限与期望下限比,0.01022
按岗位,T1回归,②全特征+噪声标签,XGBoost,技术认证数,0.00314
按岗位,T1回归,②全特征+噪声标签,XGBoost,通用证书数,0.00039
按岗位,T1回归,②全特征+噪声标签,XGBoost,技术认证方向命中数,0.01328
按岗位,T1回归,②全特征+噪声标签,XGBoost,岗位大类,0.00014
按岗位,T1回归,②全特征+噪声标签,XGBoost,期望岗位大类,0.00022
按岗位,T1回归,②全特征+噪声标签,XGBoost,岗位大类一致,0.00061
按岗位,T1回归,②全特征+噪声标签,XGBoost,今日回复数,0.00012
按岗位,T1回归,②全特征+噪声标签,XGBoost,是否在线,0.0001
按岗位,T1回归,②全特征+噪声标签,XGBoost,同公司岗位数,0.00017
按岗位,T2分类,②全特征+噪声标签,随机森林,简历技能数,0.0332
按岗位,T2分类,②全特征+噪声标签,随机森林,岗位技能要求数,0.01705
按岗位,T2分类,②全特征+噪声标签,随机森林,技能命中数,0.04856
按岗位,T2分类,②全特征+噪声标签,随机森林,技能精确命中数,0.00636
按岗位,T2分类,②全特征+噪声标签,随机森林,岗位技能标签数,0.00729
按岗位,T2分类,②全特征+噪声标签,随机森林,岗位名称与期望岗位相似度,0.01268
按岗位,T2分类,②全特征+噪声标签,随机森林,描述与简历文本相似度,0.02201
按岗位,T2分类,②全特征+噪声标签,随机森林,描述与技能特长相似度,0.05585
按岗位,T2分类,②全特征+噪声标签,随机森林,专业命中岗位描述,0.01624
按岗位,T2分类,②全特征+噪声标签,随机森林,简历工作年限,0.1441
按岗位,T2分类,②全特征+噪声标签,随机森林,是否应届,0.07199
按岗位,T2分类,②全特征+噪声标签,随机森林,岗位经验下限,0.05437
按岗位,T2分类,②全特征+噪声标签,随机森林,岗位经验上限,0.0563
按岗位,T2分类,②全特征+噪声标签,随机森林,岗位经验不限,0.00021
按岗位,T2分类,②全特征+噪声标签,随机森林,岗位经验缺失,0.03382
按岗位,T2分类,②全特征+噪声标签,随机森林,简历学历序数,0.01752
按岗位,T2分类,②全特征+噪声标签,随机森林,岗位学历要求序数,0.02541
按岗位,T2分类,②全特征+噪声标签,随机森林,距离km,0.06396
按岗位,T2分类,②全特征+噪声标签,随机森林,是否同城,0.06429
按岗位,T2分类,②全特征+噪声标签,随机森林,是否同省,0.02997
按岗位,T2分类,②全特征+噪声标签,随机森林,岗位城市岗位数,0.00965
按岗位,T2分类,②全特征+噪声标签,随机森林,岗位城市简历数,0.00623
按岗位,T2分类,②全特征+噪声标签,随机森林,简历期望薪资下限,0.0367
按岗位,T2分类,②全特征+噪声标签,随机森林,期望薪资面议,0.00524
按岗位,T2分类,②全特征+噪声标签,随机森林,岗位薪资下限,0.01466
按岗位,T2分类,②全特征+噪声标签,随机森林,岗位薪资上限,0.02125
按岗位,T2分类,②全特征+噪声标签,随机森林,薪资上限与期望下限比,0.05723
按岗位,T2分类,②全特征+噪声标签,随机森林,技术认证数,0.0106
按岗位,T2分类,②全特征+噪声标签,随机森林,通用证书数,0.00543
按岗位,T2分类,②全特征+噪声标签,随机森林,技术认证方向命中数,0.01246
按岗位,T2分类,②全特征+噪声标签,随机森林,岗位大类,0.0076
按岗位,T2分类,②全特征+噪声标签,随机森林,期望岗位大类,0.00811
按岗位,T2分类,②全特征+噪声标签,随机森林,岗位大类一致,0.00297
按岗位,T2分类,②全特征+噪声标签,随机森林,今日回复数,0.00822
按岗位,T2分类,②全特征+噪声标签,随机森林,是否在线,0.00218
按岗位,T2分类,②全特征+噪声标签,随机森林,同公司岗位数,0.01031
按岗位,T2分类,②全特征+噪声标签,XGBoost,简历技能数,0.01364
按岗位,T2分类,②全特征+噪声标签,XGBoost,岗位技能要求数,0.00487
按岗位,T2分类,②全特征+噪声标签,XGBoost,技能命中数,0.03881
按岗位,T2分类,②全特征+噪声标签,XGBoost,技能精确命中数,0.00232
按岗位,T2分类,②全特征+噪声标签,XGBoost,岗位技能标签数,0.00259
按岗位,T2分类,②全特征+噪声标签,XGBoost,岗位名称与期望岗位相似度,0.00227
按岗位,T2分类,②全特征+噪声标签,XGBoost,描述与简历文本相似度,0.00246
按岗位,T2分类,②全特征+噪声标签,XGBoost,描述与技能特长相似度,0.01436
按岗位,T2分类,②全特征+噪声标签,XGBoost,专业命中岗位描述,0.02442
按岗位,T2分类,②全特征+噪声标签,XGBoost,简历工作年限,0.10111
按岗位,T2分类,②全特征+噪声标签,XGBoost,是否应届,0.30539
按岗位,T2分类,②全特征+噪声标签,XGBoost,岗位经验下限,0.04353
按岗位,T2分类,②全特征+噪声标签,XGBoost,岗位经验上限,0.04058
按岗位,T2分类,②全特征+噪声标签,XGBoost,岗位经验不限,0.00503
按岗位,T2分类,②全特征+噪声标签,XGBoost,岗位经验缺失,0.0967
按岗位,T2分类,②全特征+噪声标签,XGBoost,简历学历序数,0.02383
按岗位,T2分类,②全特征+噪声标签,XGBoost,岗位学历要求序数,0.02236
按岗位,T2分类,②全特征+噪声标签,XGBoost,距离km,0.04289
按岗位,T2分类,②全特征+噪声标签,XGBoost,是否同城,0.07199
按岗位,T2分类,②全特征+噪声标签,XGBoost,是否同省,0.0108
按岗位,T2分类,②全特征+噪声标签,XGBoost,岗位城市岗位数,0.00239
按岗位,T2分类,②全特征+噪声标签,XGBoost,岗位城市简历数,0.00226
按岗位,T2分类,②全特征+噪声标签,XGBoost,简历期望薪资下限,0.00884
按岗位,T2分类,②全特征+噪声标签,XGBoost,期望薪资面议,0.06259
按岗位,T2分类,②全特征+噪声标签,XGBoost,岗位薪资下限,0.00238
按岗位,T2分类,②全特征+噪声标签,XGBoost,岗位薪资上限,0.00363
按岗位,T2分类,②全特征+噪声标签,XGBoost,薪资上限与期望下限比,0.01367
按岗位,T2分类,②全特征+噪声标签,XGBoost,技术认证数,0.00438
按岗位,T2分类,②全特征+噪声标签,XGBoost,通用证书数,0.00222
按岗位,T2分类,②全特征+噪声标签,XGBoost,技术认证方向命中数,0.0138
按岗位,T2分类,②全特征+噪声标签,XGBoost,岗位大类,0.00211
按岗位,T2分类,②全特征+噪声标签,XGBoost,期望岗位大类,0.00218
按岗位,T2分类,②全特征+噪声标签,XGBoost,岗位大类一致,0.00341
按岗位,T2分类,②全特征+噪声标签,XGBoost,今日回复数,0.00224
按岗位,T2分类,②全特征+噪声标签,XGBoost,是否在线,0.00184
按岗位,T2分类,②全特征+噪声标签,XGBoost,同公司岗位数,0.00209
按岗位,T1回归,③仅文本相似度特征,随机森林,岗位名称与期望岗位相似度,0.22813
按岗位,T1回归,③仅文本相似度特征,随机森林,描述与简历文本相似度,0.35097
按岗位,T1回归,③仅文本相似度特征,随机森林,描述与技能特长相似度,0.4209
按岗位,T1回归,③仅文本相似度特征,XGBoost,岗位名称与期望岗位相似度,0.07297
按岗位,T1回归,③仅文本相似度特征,XGBoost,描述与简历文本相似度,0.34389
按岗位,T1回归,③仅文本相似度特征,XGBoost,描述与技能特长相似度,0.58314
按岗位,T2分类,③仅文本相似度特征,随机森林,岗位名称与期望岗位相似度,0.39962
按岗位,T2分类,③仅文本相似度特征,随机森林,描述与简历文本相似度,0.38272
按岗位,T2分类,③仅文本相似度特征,随机森林,描述与技能特长相似度,0.21766
按岗位,T2分类,③仅文本相似度特征,XGBoost,岗位名称与期望岗位相似度,0.16108
按岗位,T2分类,③仅文本相似度特征,XGBoost,描述与简历文本相似度,0.34981
按岗位,T2分类,③仅文本相似度特征,XGBoost,描述与技能特长相似度,0.48911
