原始写法,规范化写法,下限(元/月),上限(元/月),原单位,出现行数
1-1.5万,10000-15000元,10000,15000,月,361
6000-8000元,6000-8000元,6000,8000,月,279
8000-12000元,8000-12000元,8000,12000,月,246
1-2万,10000-20000元,10000,20000,月,211
5000-7000元,5000-7000元,5000,7000,月,210
8000-10000元,8000-10000元,8000,10000,月,191
8000-15000元,8000-15000元,8000,15000,月,175
5000-8000元,5000-8000元,5000,8000,月,173
6000-10000元,6000-10000元,6000,10000,月,165
4000-6000元,4000-6000元,4000,6000,月,161
5000-10000元,5000-10000元,5000,10000,月,159
1.5-2.5万,15000-25000元,15000,25000,月,153
7000-10000元,7000-10000元,7000,10000,月,152
5000-6000元,5000-6000元,5000,6000,月,139
6000-12000元,6000-12000元,6000,12000,月,126
1.5-2万,15000-20000元,15000,20000,月,121
7000-9000元,7000-9000元,7000,9000,月,121
7000-12000元,7000-12000元,7000,12000,月,113
1.5-3万,15000-30000元,15000,30000,月,110
6000-9000元,6000-9000元,6000,9000,月,105
8000-16000元,8000-16000元,8000,16000,月,101
4000-8000元,4000-8000元,4000,8000,月,99
4000-5000元,4000-5000元,4000,5000,月,96
1.2-2万,12000-20000元,12000,20000,月,93
1-1.5万·13薪,10000-15000元·13薪,10000,15000,月,88
8000-13000元,8000-13000元,8000,13000,月,85
7000-8000元,7000-8000元,7000,8000,月,82
6000-7000元,6000-7000元,6000,7000,月,77
1-1.3万,10000-13000元,10000,13000,月,74
6000-8000元·13薪,6000-8000元·13薪,6000,8000,月,73
8000-12000元·13薪,8000-12000元·13薪,8000,12000,月,72
1-2万·13薪,10000-20000元·13薪,10000,20000,月,67
1-1.2万,10000-12000元,10000,12000,月,64
2-3万,20000-30000元,20000,30000,月,63
7000-14000元,7000-14000元,7000,14000,月,63
9000-12000元,9000-12000元,9000,12000,月,61
1-1.8万,10000-18000元,10000,18000,月,55
1.2-1.5万,12000-15000元,12000,15000,月,54
1.2-1.8万,12000-18000元,12000,18000,月,53
5000-7000元·13薪,5000-7000元·13薪,5000,7000,月,50
1.2-2.4万,12000-24000元,12000,24000,月,49
2-4万,20000-40000元,20000,40000,月,49
4000-7000元,4000-7000元,4000,7000,月,48
7000-10000元·13薪,7000-10000元·13薪,7000,10000,月,46
9000-15000元,9000-15000元,9000,15000,月,46
8000-11000元,8000-11000元,8000,11000,月,46
8000-10000元·13薪,8000-10000元·13薪,8000,10000,月,45
1-1.6万,10000-16000元,10000,16000,月,44
9000-13000元,9000-13000元,9000,13000,月,41
1.5-2.5万·13薪,15000-25000元·13薪,15000,25000,月,40
8000-15000元·13薪,8000-15000元·13薪,8000,15000,月,40
5000-9000元,5000-9000元,5000,9000,月,39
9000-14000元,9000-14000元,9000,14000,月,39
9000-18000元,9000-18000元,9000,18000,月,39
1-1.4万,10000-14000元,10000,14000,月,39
9000-11000元,9000-11000元,9000,11000,月,39
8000-9000元,8000-9000元,8000,9000,月,39
3000-5000元,3000-5000元,3000,5000,月,38
9000-10000元,9000-10000元,9000,10000,月,38
6000-9000元·13薪,6000-9000元·13薪,6000,9000,月,38
5000-8000元·13薪,5000-8000元·13薪,5000,8000,月,38
7000-11000元,7000-11000元,7000,11000,月,38
7000-9000元·13薪,7000-9000元·13薪,7000,9000,月,37
1.5-2万·13薪,15000-20000元·13薪,15000,20000,月,35
3000-6000元,3000-6000元,3000,6000,月,35
2-2.5万,20000-25000元,20000,25000,月,35
1.1-1.5万,11000-15000元,11000,15000,月,34
1.5-3万·13薪,15000-30000元·13薪,15000,30000,月,33
6000-10000元·13薪,6000-10000元·13薪,6000,10000,月,33
4000-6000元·13薪,4000-6000元·13薪,4000,6000,月,31
1.1-2万,11000-20000元,11000,20000,月,30
1.2-1.6万,12000-16000元,12000,16000,月,29
3000-4000元,3000-4000元,3000,4000,月,29
150-200元/天,3262-4350元,3262,4350,日,28
7000-12000元·13薪,7000-12000元·13薪,7000,12000,月,27
8000-16000元·13薪,8000-16000元·13薪,8000,16000,月,27
8000-14000元,8000-14000元,8000,14000,月,27
1-1.2万·13薪,10000-12000元·13薪,10000,12000,月,25
1-1.5万·14薪,10000-15000元·14薪,10000,15000,月,25
1-2万·15薪,10000-20000元·15薪,10000,20000,月,25
8000-13000元·13薪,8000-13000元·13薪,8000,13000,月,25
6000-12000元·13薪,6000-12000元·13薪,6000,12000,月,25
1.1-1.6万,11000-16000元,11000,16000,月,24
1.1-1.3万,11000-13000元,11000,13000,月,24
1-1.1万,10000-11000元,10000,11000,月,23
1.5-2.5万·14薪,15000-25000元·14薪,15000,25000,月,23
1.3-1.8万,13000-18000元,13000,18000,月,23
5000-6000元·13薪,5000-6000元·13薪,5000,6000,月,22
1-1.5万·15薪,10000-15000元·15薪,10000,15000,月,22
1.3-2万,13000-20000元,13000,20000,月,22
1-2万·16薪,10000-20000元·16薪,10000,20000,月,22
7000-8000元·13薪,7000-8000元·13薪,7000,8000,月,22
6000-7000元·13薪,6000-7000元·13薪,6000,7000,月,21
2.5-3.5万,25000-35000元,25000,35000,月,20
1.5-2万·14薪,15000-20000元·14薪,15000,20000,月,19
1.2-1.7万,12000-17000元,12000,17000,月,18
1.8-3万,18000-30000元,18000,30000,月,18
6000-11000元,6000-11000元,6000,11000,月,18
1.3-1.4万,13000-14000元,13000,14000,月,18
1-2万·14薪,10000-20000元·14薪,10000,20000,月,18
1.5-3万·14薪,15000-30000元·14薪,15000,30000,月,18
80-150元/天,1740-3262元,1740,3262,日,18
2-3.5万,20000-35000元,20000,35000,月,18
1.5-2.2万,15000-22000元,15000,22000,月,17
1.2-2万·13薪,12000-20000元·13薪,12000,20000,月,17
1.3-1.5万,13000-15000元,13000,15000,月,17
5000-10000元·13薪,5000-10000元·13薪,5000,10000,月,17
1.3-1.6万,13000-16000元,13000,16000,月,16
9000-13000元·13薪,9000-13000元·13薪,9000,13000,月,16
1.2-1.5万·13薪,12000-15000元·13薪,12000,15000,月,16
2.5-5万,25000-50000元,25000,50000,月,16
9000-15000元·13薪,9000-15000元·13薪,9000,15000,月,16
1.2-1.8万·13薪,12000-18000元·13薪,12000,18000,月,16
3-5万,30000-50000元,30000,50000,月,16
1.2-1.8万·15薪,12000-18000元·15薪,12000,18000,月,16
1.2-2.4万·13薪,12000-24000元·13薪,12000,24000,月,15
1.5-1.8万,15000-18000元,15000,18000,月,15
1.5-1.6万,15000-16000元,15000,16000,月,15
9000-14000元·13薪,9000-14000元·13薪,9000,14000,月,15
100-150元/天,2175-3262元,2175,3262,日,14
1.2-1.3万,12000-13000元,12000,13000,月,14
1.3-2.6万,13000-26000元,13000,26000,月,14
2-3万·13薪,20000-30000元·13薪,20000,30000,月,14
7000-13000元,7000-13000元,7000,13000,月,14
8000-15000元·14薪,8000-15000元·14薪,8000,15000,月,14
7000-14000元·13薪,7000-14000元·13薪,7000,14000,月,14
1.2-1.8万·14薪,12000-18000元·14薪,12000,18000,月,14
1.1-1.2万,11000-12000元,11000,12000,月,14
1.1-1.8万,11000-18000元,11000,18000,月,13
2-4万·13薪,20000-40000元·13薪,20000,40000,月,13
2.5-4万,25000-40000元,25000,40000,月,13
1.5-3万·15薪,15000-30000元·15薪,15000,30000,月,13
1.2-1.4万,12000-14000元,12000,14000,月,12
9000-18000元·13薪,9000-18000元·13薪,9000,18000,月,12
9000-12000元·13薪,9000-12000元·13薪,9000,12000,月,12
8000-11000元·13薪,8000-11000元·13薪,8000,11000,月,12
1.2-2.4万·14薪,12000-24000元·14薪,12000,24000,月,12
1-1.3万·13薪,10000-13000元·13薪,10000,13000,月,11
1.8-2.5万,18000-25000元,18000,25000,月,11
1.3-2万·13薪,13000-20000元·13薪,13000,20000,月,11
1.4-1.6万,14000-16000元,14000,16000,月,11
4000-8000元·13薪,4000-8000元·13薪,4000,8000,月,11
3-4万,30000-40000元,30000,40000,月,11
1.4-2万,14000-20000元,14000,20000,月,11
1.4-1.8万,14000-18000元,14000,18000,月,11
4000-5000元·13薪,4000-5000元·13薪,4000,5000,月,10
1.1-2.2万,11000-22000元,11000,22000,月,10
1.1-1.4万,11000-14000元,11000,14000,月,10
6000-8000元·14薪,6000-8000元·14薪,6000,8000,月,10
7000-13000元·13薪,7000-13000元·13薪,7000,13000,月,10
1.1-1.6万·13薪,11000-16000元·13薪,11000,16000,月,10
1-1.6万·13薪,10000-16000元·13薪,10000,16000,月,10
1-1.7万,10000-17000元,10000,17000,月,10
1.8-2万,18000-20000元,18000,20000,月,9
1.4-2万·13薪,14000-20000元·13薪,14000,20000,月,9
1-1.8万·14薪,10000-18000元·14薪,10000,18000,月,9
1-1.8万·13薪,10000-18000元·13薪,10000,18000,月,9
1.5-2.5万·16薪,15000-25000元·16薪,15000,25000,月,9
5000-9000元·13薪,5000-9000元·13薪,5000,9000,月,9
1.2-2万·16薪,12000-20000元·16薪,12000,20000,月,9
1.2-1.6万·13薪,12000-16000元·13薪,12000,16000,月,9
9000-16000元,9000-16000元,9000,16000,月,9
1.2-2万·15薪,12000-20000元·15薪,12000,20000,月,9
100-120元/天,2175-2610元,2175,2610,日,9
8000-12000元·14薪,8000-12000元·14薪,8000,12000,月,9
2000-3000元,2000-3000元,2000,3000,月,8
1.5-2万·16薪,15000-20000元·16薪,15000,20000,月,8
1.5-3万·16薪,15000-30000元·16薪,15000,30000,月,8
1.3-2.3万·13薪,13000-23000元·13薪,13000,23000,月,8
1.1-1.7万,11000-17000元,11000,17000,月,8
1.2-2万·14薪,12000-20000元·14薪,12000,20000,月,8
100-200元/天,2175-4350元,2175,4350,日,8
1.5-2.5万·15薪,15000-25000元·15薪,15000,25000,月,8
120-150元/天,2610-3262元,2610,3262,日,8
1.6-2.2万,16000-22000元,16000,22000,月,8
1.4-1.5万,14000-15000元,14000,15000,月,8
8000-9000元·13薪,8000-9000元·13薪,8000,9000,月,8
1.6-2.5万,16000-25000元,16000,25000,月,8
1.6-2万,16000-20000元,16000,20000,月,8
1.2-2.2万,12000-22000元,12000,22000,月,7
150-160元/天,3262-3480元,3262,3480,日,7
7000-12000元·15薪,7000-12000元·15薪,7000,12000,月,7
1.3-1.8万·13薪,13000-18000元·13薪,13000,18000,月,7
1-1.4万·13薪,10000-14000元·13薪,10000,14000,月,7
1.5-2.3万,15000-23000元,15000,23000,月,7
9000-12000元·14薪,9000-12000元·14薪,9000,12000,月,7
7000-11000元·13薪,7000-11000元·13薪,7000,11000,月,7
9000-18000元·14薪,9000-18000元·14薪,9000,18000,月,7
6000-9000元·14薪,6000-9000元·14薪,6000,9000,月,7
6000-11000元·13薪,6000-11000元·13薪,6000,11000,月,7
1.5-1.7万,15000-17000元,15000,17000,月,7
3-6万,30000-60000元,30000,60000,月,7
1.3-2.5万,13000-25000元,13000,25000,月,7
1.5-2.2万·13薪,15000-22000元·13薪,15000,22000,月,7
2.5-3万,25000-30000元,25000,30000,月,7
1.2-2.3万·13薪,12000-23000元·13薪,12000,23000,月,6
1.4-1.7万,14000-17000元,14000,17000,月,6
1.8-3万·13薪,18000-30000元·13薪,18000,30000,月,6
6000-10000元·14薪,6000-10000元·14薪,6000,10000,月,6
9000-15000元·14薪,9000-15000元·14薪,9000,15000,月,6
5000-8000元·14薪,5000-8000元·14薪,5000,8000,月,6
2-3万·15薪,20000-30000元·15薪,20000,30000,月,6
1.1-1.5万·13薪,11000-15000元·13薪,11000,15000,月,6
7000-9000元·14薪,7000-9000元·14薪,7000,9000,月,6
7000-12000元·14薪,7000-12000元·14薪,7000,12000,月,6
2-4万·15薪,20000-40000元·15薪,20000,40000,月,6
1-1.8万·15薪,10000-18000元·15薪,10000,18000,月,6
7000-14000元·14薪,7000-14000元·14薪,7000,14000,月,6
8000-15000元·15薪,8000-15000元·15薪,8000,15000,月,6
1.8-3.5万,18000-35000元,18000,35000,月,6
1.5-2万·15薪,15000-20000元·15薪,15000,20000,月,6
8000-10000元·14薪,8000-10000元·14薪,8000,10000,月,6
1.8-2.3万,18000-23000元,18000,23000,月,6
2-4万·14薪,20000-40000元·14薪,20000,40000,月,6
2.5-4万·13薪,25000-40000元·13薪,25000,40000,月,6
9000-14000元·14薪,9000-14000元·14薪,9000,14000,月,6
1.8-2.2万,18000-22000元,18000,22000,月,5
2.5-3.5万·13薪,25000-35000元·13薪,25000,35000,月,5
9000-14000元·15薪,9000-14000元·15薪,9000,14000,月,5
2-2.5万·13薪,20000-25000元·13薪,20000,25000,月,5
1.2-1.6万·15薪,12000-16000元·15薪,12000,16000,月,5
1.2-1.6万·14薪,12000-16000元·14薪,12000,16000,月,5
1.2-2.2万·13薪,12000-22000元·13薪,12000,22000,月,5
2-3万·16薪,20000-30000元·16薪,20000,30000,月,5
9000-11000元·13薪,9000-11000元·13薪,9000,11000,月,5
1-1.7万·13薪,10000-17000元·13薪,10000,17000,月,5
1.2-1.9万,12000-19000元,12000,19000,月,5
4-5万,40000-50000元,40000,50000,月,5
9000-10000元·13薪,9000-10000元·13薪,9000,10000,月,5
2-3万·14薪,20000-30000元·14薪,20000,30000,月,5
8000-10000元·15薪,8000-10000元·15薪,8000,10000,月,5
1.4-2.5万,14000-25000元,14000,25000,月,5
7000-10000元·15薪,7000-10000元·15薪,7000,10000,月,5
2-3.5万·14薪,20000-35000元·14薪,20000,35000,月,5
4000-6000元·15薪,4000-6000元·15薪,4000,6000,月,5
4-6万,40000-60000元,40000,60000,月,5
1.4-2.8万,14000-28000元,14000,28000,月,5
8000-12000元·15薪,8000-12000元·15薪,8000,12000,月,5
1.5-2.8万,15000-28000元,15000,28000,月,5
1.8-3万·14薪,18000-30000元·14薪,18000,30000,月,5
1.3-1.9万,13000-19000元,13000,19000,月,5
2.5-3.5万·14薪,25000-35000元·14薪,25000,35000,月,5
1-1.6万·15薪,10000-16000元·15薪,10000,16000,月,5
1.3-1.7万,13000-17000元,13000,17000,月,4
1.1-2.2万·15薪,11000-22000元·15薪,11000,22000,月,4
80-100元/天,1740-2175元,1740,2175,日,4
2000-4000元,2000-4000元,2000,4000,月,4
1.8-2.5万·14薪,18000-25000元·14薪,18000,25000,月,4
2-3.5万·13薪,20000-35000元·13薪,20000,35000,月,4
1.6-2.5万·13薪,16000-25000元·13薪,16000,25000,月,4
1.2-2.4万·15薪,12000-24000元·15薪,12000,24000,月,4
8000-16000元·14薪,8000-16000元·14薪,8000,16000,月,4
1.1-2万·13薪,11000-20000元·13薪,11000,20000,月,4
1.3-2.6万·13薪,13000-26000元·13薪,13000,26000,月,4
1.3-2.5万·14薪,13000-25000元·14薪,13000,25000,月,4
8000-11000元·14薪,8000-11000元·14薪,8000,11000,月,4
7000-10000元·14薪,7000-10000元·14薪,7000,10000,月,4
1.4-2.4万,14000-24000元,14000,24000,月,4
1.8-2.8万,18000-28000元,18000,28000,月,4
200-260元/天,4350-5655元,4350,5655,日,4
1.3-2.5万·13薪,13000-25000元·13薪,13000,25000,月,4
1.6-3万,16000-30000元,16000,30000,月,4
1.6-2.2万·14薪,16000-22000元·14薪,16000,22000,月,4
2-2.8万,20000-28000元,20000,28000,月,4
1.5-1.7万·13薪,15000-17000元·13薪,15000,17000,月,4
1.1-2.1万,11000-21000元,11000,21000,月,4
3-3.5万,30000-35000元,30000,35000,月,4
1.2-1.7万·14薪,12000-17000元·14薪,12000,17000,月,4
15-30元/时,2610-5220元,2610,5220,时,4
1.4-2.2万,14000-22000元,14000,22000,月,4
1.3-1.5万·13薪,13000-15000元·13薪,13000,15000,月,3
1.7-1.8万,17000-18000元,17000,18000,月,3
3-4.5万·13薪,30000-45000元·13薪,30000,45000,月,3
8000-14000元·13薪,8000-14000元·13薪,8000,14000,月,3
3.5-5万,35000-50000元,35000,50000,月,3
1.4-2.3万,14000-23000元,14000,23000,月,3
2.5-4.5万·14薪,25000-45000元·14薪,25000,45000,月,3
1.3-1.7万·13薪,13000-17000元·13薪,13000,17000,月,3
7000-9000元·15薪,7000-9000元·15薪,7000,9000,月,3
9000-17000元·15薪,9000-17000元·15薪,9000,17000,月,3
140-150元/天,3045-3262元,3045,3262,日,3
1.5-1.8万·13薪,15000-18000元·13薪,15000,18000,月,3
1.2-1.7万·13薪,12000-17000元·13薪,12000,17000,月,3
1.8-2万·13薪,18000-20000元·13薪,18000,20000,月,3
1.5-2.3万·14薪,15000-23000元·14薪,15000,23000,月,3
1.3-2万·14薪,13000-20000元·14薪,13000,20000,月,3
120-200元/天,2610-4350元,2610,4350,日,3
1.5-2.1万,15000-21000元,15000,21000,月,3
9000-13000元·14薪,9000-13000元·14薪,9000,13000,月,3
4000-7000元·13薪,4000-7000元·13薪,4000,7000,月,3
1.3-2.1万,13000-21000元,13000,21000,月,3
1.2-1.8万·16薪,12000-18000元·16薪,12000,18000,月,3
6000-9000元·15薪,6000-9000元·15薪,6000,9000,月,3
1.3-2.2万,13000-22000元,13000,22000,月,3
1.5-2.4万·13薪,15000-24000元·13薪,15000,24000,月,3
2-3.5万·15薪,20000-35000元·15薪,20000,35000,月,3
1-1.2万·15薪,10000-12000元·15薪,10000,12000,月,3
1.7-2.4万,17000-24000元,17000,24000,月,3
1.6-2万·13薪,16000-20000元·13薪,16000,20000,月,3
5000-6000元·14薪,5000-6000元·14薪,5000,6000,月,3
2-3.5万·16薪,20000-35000元·16薪,20000,35000,月,3
2.2-3.5万,22000-35000元,22000,35000,月,3
1.6-1.7万,16000-17000元,16000,17000,月,3
1-1.9万·16薪,10000-19000元·16薪,10000,19000,月,3
7000-14000元·15薪,7000-14000元·15薪,7000,14000,月,3
1.8-2.5万·15薪,18000-25000元·15薪,18000,25000,月,3
1.6-2.1万,16000-21000元,16000,21000,月,3
1.1-1.8万·14薪,11000-18000元·14薪,11000,18000,月,3
1-1.4万·14薪,10000-14000元·14薪,10000,14000,月,3
1-1.7万·15薪,10000-17000元·15薪,10000,17000,月,3
1.3-2.6万·14薪,13000-26000元·14薪,13000,26000,月,3
3.5-6万,35000-60000元,35000,60000,月,3
1.3-2.5万·15薪,13000-25000元·15薪,13000,25000,月,3
1.5-2.3万·15薪,15000-23000元·15薪,15000,23000,月,3
150-260元/天,3262-5655元,3262,5655,日,3
3-6万·13薪,30000-60000元·13薪,30000,60000,月,3
1.2-1.4万·13薪,12000-14000元·13薪,12000,14000,月,2
180-230元/天,3915-5002元,3915,5002,日,2
1.5-2.4万,15000-24000元,15000,24000,月,2
9000-17000元·13薪,9000-17000元·13薪,9000,17000,月,2
130-200元/天,2828-4350元,2828,4350,日,2
1.4-2.5万·16薪,14000-25000元·16薪,14000,25000,月,2
1.2-2.3万,12000-23000元,12000,23000,月,2
130-150元/天,2828-3262元,2828,3262,日,2
9000-10000元·14薪,9000-10000元·14薪,9000,10000,月,2
1-1.3万·15薪,10000-13000元·15薪,10000,13000,月,2
3000-5000元·13薪,3000-5000元·13薪,3000,5000,月,2
1-1.5万·16薪,10000-15000元·16薪,10000,15000,月,2
7000-12000元·16薪,7000-12000元·16薪,7000,12000,月,2
1.1-2.2万·13薪,11000-22000元·13薪,11000,22000,月,2
1.8-2.2万·14薪,18000-22000元·14薪,18000,22000,月,2
6-8万·13薪,60000-80000元·13薪,60000,80000,月,2
9000-13000元·15薪,9000-13000元·15薪,9000,13000,月,2
1.4-2.2万·14薪,14000-22000元·14薪,14000,22000,月,2
1.1-1.3万·13薪,11000-13000元·13薪,11000,13000,月,2
5000-9000元·14薪,5000-9000元·14薪,5000,9000,月,2
8000-9000元·14薪,8000-9000元·14薪,8000,9000,月,2
2-2.6万,20000-26000元,20000,26000,月,2
1.2-2.4万·16薪,12000-24000元·16薪,12000,24000,月,2
1.1-1.4万·13薪,11000-14000元·13薪,11000,14000,月,2
9000-17000元,9000-17000元,9000,17000,月,2
80-160元/天,1740-3480元,1740,3480,日,2
2.5-5万·14薪,25000-50000元·14薪,25000,50000,月,2
8000-12000元·16薪,8000-12000元·16薪,8000,12000,月,2
1.8-2.4万,18000-24000元,18000,24000,月,2
2-2.2万,20000-22000元,20000,22000,月,2
2.5-4.5万,25000-45000元,25000,45000,月,2
2.3-3万,23000-30000元,23000,30000,月,2
1.5-2万·17薪,15000-20000元·17薪,15000,20000,月,2
1.4-1.5万·13薪,14000-15000元·13薪,14000,15000,月,2
1.4-2.5万·13薪,14000-25000元·13薪,14000,25000,月,2
1.6-2.6万,16000-26000元,16000,26000,月,2
1.6-2万·14薪,16000-20000元·14薪,16000,20000,月,2
1-1.1万·13薪,10000-11000元·13薪,10000,11000,月,2
1.6-3万·13薪,16000-30000元·13薪,16000,30000,月,2
1-1.2万·14薪,10000-12000元·14薪,10000,12000,月,2
1.3-1.8万·15薪,13000-18000元·15薪,13000,18000,月,2
90-150元/天,1958-3262元,1958,3262,日,2
1.8-2.5万·13薪,18000-25000元·13薪,18000,25000,月,2
80-120元/天,1740-2610元,1740,2610,日,2
1.1-1.8万·16薪,11000-18000元·16薪,11000,18000,月,2
1.1-2万·16薪,11000-20000元·16薪,11000,20000,月,2
5000-7000元·14薪,5000-7000元·14薪,5000,7000,月,2
5000-9000元·15薪,5000-9000元·15薪,5000,9000,月,2
50-100元/天,1088-2175元,1088,2175,日,2
8000-13000元·15薪,8000-13000元·15薪,8000,13000,月,2
8000-11000元·16薪,8000-11000元·16薪,8000,11000,月,2
9000-16000元·13薪,9000-16000元·13薪,9000,16000,月,2
3000-4000元·13薪,3000-4000元·13薪,3000,4000,月,2
2.5-3万·13薪,25000-30000元·13薪,25000,30000,月,2
2-2.5万·15薪,20000-25000元·15薪,20000,25000,月,2
1.1-1.9万,11000-19000元,11000,19000,月,2
1.1-1.8万·13薪,11000-18000元·13薪,11000,18000,月,2
3-5万·14薪,30000-50000元·14薪,30000,50000,月,2
1.4-1.7万·15薪,14000-17000元·15薪,14000,17000,月,2
1.8-3.5万·14薪,18000-35000元·14薪,18000,35000,月,2
2.5-5万·13薪,25000-50000元·13薪,25000,50000,月,2
1.7-2.2万,17000-22000元,17000,22000,月,2
3-4.5万,30000-45000元,30000,45000,月,2
1-1.8万·16薪,10000-18000元·16薪,10000,18000,月,2
1.3-2.3万,13000-23000元,13000,23000,月,2
1.4-1.9万,14000-19000元,14000,19000,月,2
1.2-1.7万·15薪,12000-17000元·15薪,12000,17000,月,2
1.5-1.9万,15000-19000元,15000,19000,月,2
1.5-2.6万,15000-26000元,15000,26000,月,2
1.1-1.7万·13薪,11000-17000元·13薪,11000,17000,月,2
1.5-2.3万·13薪,15000-23000元·13薪,15000,23000,月,2
1.8-2.6万,18000-26000元,18000,26000,月,2
9000-15000元·15薪,9000-15000元·15薪,9000,15000,月,2
1.3-1.8万·16薪,13000-18000元·16薪,13000,18000,月,2
1-1.7万·14薪,10000-17000元·14薪,10000,17000,月,2
9000-12000元·16薪,9000-12000元·16薪,9000,12000,月,2
4-6万·14薪,40000-60000元·14薪,40000,60000,月,2
7000-13000元·14薪,7000-13000元·14薪,7000,13000,月,2
4-7万·14薪,40000-70000元·14薪,40000,70000,月,2
2.8-4万·14薪,28000-40000元·14薪,28000,40000,月,2
1.9-2.8万,19000-28000元,19000,28000,月,2
120-130元/天,2610-2828元,2610,2828,日,2
1.8-2.7万,18000-27000元,18000,27000,月,2
9000-11000元·15薪,9000-11000元·15薪,9000,11000,月,2
1.1-2万·14薪,11000-20000元·14薪,11000,20000,月,2
1.5-2.2万·14薪,15000-22000元·14薪,15000,22000,月,2
1.8-2.6万·13薪,18000-26000元·13薪,18000,26000,月,2
9000-10000元·17薪,9000-10000元·17薪,9000,10000,月,2
1.8-2.6万·14薪,18000-26000元·14薪,18000,26000,月,2
4-8万·14薪,40000-80000元·14薪,40000,80000,月,2
5-8万·14薪,50000-80000元·14薪,50000,80000,月,2
1.7-3万,17000-30000元,17000,30000,月,2
2.5-3.5万·15薪,25000-35000元·15薪,25000,35000,月,2
9000-18000元·15薪,9000-18000元·15薪,9000,18000,月,2
2-2.1万,20000-21000元,20000,21000,月,2
1.3-1.9万·15薪,13000-19000元·15薪,13000,19000,月,2
2.2-3万·14薪,22000-30000元·14薪,22000,30000,月,2
2.5-4万·16薪,25000-40000元·16薪,25000,40000,月,2
6000-12000元·14薪,6000-12000元·14薪,6000,12000,月,2
1.8-3.5万·16薪,18000-35000元·16薪,18000,35000,月,2
1.3-1.6万·14薪,13000-16000元·14薪,13000,16000,月,2
200-250元/天,4350-5438元,4350,5438,日,2
1.2-2.2万·14薪,12000-22000元·14薪,12000,22000,月,2
1-1.3万·14薪,10000-13000元·14薪,10000,13000,月,2
2-2.3万·14薪,20000-23000元·14薪,20000,23000,月,2
8000-14000元·14薪,8000-14000元·14薪,8000,14000,月,2
8000-16000元·16薪,8000-16000元·16薪,8000,16000,月,2
2.8-3.5万,28000-35000元,28000,35000,月,2
150-180元/天,3262-3915元,3262,3915,日,2
2.3-3万·13薪,23000-30000元·13薪,23000,30000,月,2
3-5.5万·13薪,30000-55000元·13薪,30000,55000,月,2
1.5-1.8万·16薪,15000-18000元·16薪,15000,18000,月,1
1.2-2.2万·15薪,12000-22000元·15薪,12000,22000,月,1
2.8-3.5万·13薪,28000-35000元·13薪,28000,35000,月,1
5000-7000元·15薪,5000-7000元·15薪,5000,7000,月,1
1.4-2.1万·15薪,14000-21000元·15薪,14000,21000,月,1
95-125元/天,2066-2719元,2066,2719,日,1
1.7-2.7万·16薪,17000-27000元·16薪,17000,27000,月,1
1.4-2.8万·13薪,14000-28000元·13薪,14000,28000,月,1
2.2-4万,22000-40000元,22000,40000,月,1
1.3-2.4万·16薪,13000-24000元·16薪,13000,24000,月,1
1.1-1.7万·16薪,11000-17000元·16薪,11000,17000,月,1
3-4万·13薪,30000-40000元·13薪,30000,40000,月,1
5-8万·18薪,50000-80000元·18薪,50000,80000,月,1
9000-13000元·16薪,9000-13000元·16薪,9000,13000,月,1
3.5-5万·15薪,35000-50000元·15薪,35000,50000,月,1
1.8-2.8万·16薪,18000-28000元·16薪,18000,28000,月,1
20-40元/时,3480-6960元,3480,6960,时,1
2-3万·17薪,20000-30000元·17薪,20000,30000,月,1
1.4-2.2万·17薪,14000-22000元·17薪,14000,22000,月,1
1.5-2.6万·16薪,15000-26000元·16薪,15000,26000,月,1
1000元以下,0-1000元,0,1000,月,1
8000-16000元·20薪,20-16000元,20,16000,月,1
6000-8000元·16薪,6000-8000元·16薪,6000,8000,月,1
18元/时,3132元,3132,3132,时,1
3.5-7万·14薪,35000-70000元·14薪,35000,70000,月,1
1.2-1.6万·16薪,12000-16000元·16薪,12000,16000,月,1
1.5-3万·18薪,15000-30000元·18薪,15000,30000,月,1
1-1.6万·16薪,10000-16000元·16薪,10000,16000,月,1
1.4-2万·15薪,14000-20000元·15薪,14000,20000,月,1
1.7-2.5万·14薪,17000-25000元·14薪,17000,25000,月,1
2.5-4.5万·15薪,25000-45000元·15薪,25000,45000,月,1
1.2-1.3万·13薪,12000-13000元·13薪,12000,13000,月,1
2.1-3万·13薪,21000-30000元·13薪,21000,30000,月,1
100-110元/天,2175-2392元,2175,2392,日,1
1.7-3万·13薪,17000-30000元·13薪,17000,30000,月,1
6000-8000元·15薪,6000-8000元·15薪,6000,8000,月,1
2.1-3.5万,21000-35000元,21000,35000,月,1
150元/时,26100元,26100,26100,时,1
1.6-2.2万·15薪,16000-22000元·15薪,16000,22000,月,1
2-4万·16薪,20000-40000元·16薪,20000,40000,月,1
2.1-3万,21000-30000元,21000,30000,月,1
1.3-1.8万·14薪,13000-18000元·14薪,13000,18000,月,1
5000-8000元·15薪,5000-8000元·15薪,5000,8000,月,1
60-80元/天,1305-1740元,1305,1740,日,1
1000-2000元,1000-2000元,1000,2000,月,1
1.3-1.5万·14薪,13000-15000元·14薪,13000,15000,月,1
1.8-2.3万·15薪,18000-23000元·15薪,18000,23000,月,1
90-100元/天,1958-2175元,1958,2175,日,1
1.1-1.8万·17薪,11000-18000元·17薪,11000,18000,月,1
400-550元/天,8700-11962元,8700,11962,日,1
7000-14000元·16薪,7000-14000元·16薪,7000,14000,月,1
13-15元/时,2262-2610元,2262,2610,时,1
1500-3000元,1500-3000元,1500,3000,月,1
9000-13000元·18薪,9000-13000元·18薪,9000,13000,月,1
4000-8000元·14薪,4000-8000元·14薪,4000,8000,月,1
65-75元/天,1414-1631元,1414,1631,日,1
1.5-2.2万·15薪,15000-22000元·15薪,15000,22000,月,1
1.5-2.2万·16薪,15000-22000元·16薪,15000,22000,月,1
1.1-1.7万·14薪,11000-17000元·14薪,11000,17000,月,1
8-16万,80000-160000元,80000,160000,月,1
1000-2000元/次,1000-2000元/次,,,次,1
1-1.9万·13薪,10000-19000元·13薪,10000,19000,月,1
1.3-2.5万·18薪,13000-25000元·18薪,13000,25000,月,1
800-1000元/周,800-1000元,800,1000,月,1
20元/时,3480元,3480,3480,时,1
8001-10000元,8001-10000元,8001,10000,月,1
2-2.8万·14薪,20000-28000元·14薪,20000,28000,月,1
3-6万·16薪,30000-60000元·16薪,30000,60000,月,1
1.3-2万·15薪,13000-20000元·15薪,13000,20000,月,1
1.8-3万·15薪,18000-30000元·15薪,18000,30000,月,1
3-5.5万,30000-55000元,30000,55000,月,1
1.6-2.5万·16薪,16000-25000元·16薪,16000,25000,月,1
1.2-2.2万·16薪,12000-22000元·16薪,12000,22000,月,1
1.3-2.3万·14薪,13000-23000元·14薪,13000,23000,月,1
1.2-1.7万·16薪,12000-17000元·16薪,12000,17000,月,1
1.2-1.3万·15薪,12000-13000元·15薪,12000,13000,月,1
1.1-1.6万·14薪,11000-16000元·14薪,11000,16000,月,1
1.2-2.3万·15薪,12000-23000元·15薪,12000,23000,月,1
3000-6000元·13薪,3000-6000元·13薪,3000,6000,月,1
4000-5000元·14薪,4000-5000元·14薪,4000,5000,月,1
4000-6000元·14薪,4000-6000元·14薪,4000,6000,月,1
5-8万·13薪,50000-80000元·13薪,50000,80000,月,1
4000-8000元·15薪,4000-8000元·15薪,4000,8000,月,1
1-1.4万·15薪,10000-14000元·15薪,10000,14000,月,1
15元/时,2610元,2610,2610,时,1
160-250元/天,3480-5438元,3480,5438,日,1
1.8-3.5万·13薪,18000-35000元·13薪,18000,35000,月,1
2.8-4万,28000-40000元,28000,40000,月,1
2.5-4万·14薪,25000-40000元·14薪,25000,40000,月,1
3.5-4万,35000-40000元,35000,40000,月,1
1.4-2万·14薪,14000-20000元·14薪,14000,20000,月,1
1.5-2.8万·13薪,15000-28000元·13薪,15000,28000,月,1
2.9-3.5万·15薪,29000-35000元·15薪,29000,35000,月,1
1.5-2.5万·20薪,15000-200000元,15000,200000,月,1
1.8-1.9万,18000-19000元,18000,19000,月,1
1.7-1.9万,17000-19000元,17000,19000,月,1
100元/时,17400元,17400,17400,时,1
1.9-2.5万,19000-25000元,19000,25000,月,1
250-300元/天,5438-6525元,5438,6525,日,1
180-250元/天,3915-5438元,3915,5438,日,1
3-6万·15薪,30000-60000元·15薪,30000,60000,月,1
8000-16000元·15薪,8000-16000元·15薪,8000,16000,月,1
2.2-3万·13薪,22000-30000元·13薪,22000,30000,月,1
1.7-2万·13薪,17000-20000元·13薪,17000,20000,月,1
1.7-2.5万,17000-25000元,17000,25000,月,1
1.7-2.3万·13薪,17000-23000元·13薪,17000,23000,月,1
1.3-1.7万·14薪,13000-17000元·14薪,13000,17000,月,1
3.5-4.5万,35000-45000元,35000,45000,月,1
1-1.3万·16薪,10000-13000元·16薪,10000,13000,月,1
70-140元,70-140元,70,140,月,1
40-50元/时,6960-8700元,6960,8700,时,1
8000-15000元·17薪,8000-15000元·17薪,8000,15000,月,1
8000-10000元·17薪,8000-10000元·17薪,8000,10000,月,1
1.5-1.8万·18薪,15000-18000元·18薪,15000,18000,月,1
2.5-3万·14薪,25000-30000元·14薪,25000,30000,月,1
2.2-2.7万·14薪,22000-27000元·14薪,22000,27000,月,1
2.5-4万·15薪,25000-40000元·15薪,25000,40000,月,1
2.2-3.5万·13薪,22000-35000元·13薪,22000,35000,月,1
1.2-1.3万·14薪,12000-13000元·14薪,12000,13000,月,1
3-5万·15薪,30000-50000元·15薪,30000,50000,月,1
1.8-2.5万·16薪,18000-25000元·16薪,18000,25000,月,1
3-3.5万·13薪,30000-35000元·13薪,30000,35000,月,1
5-9万·14薪,50000-90000元·14薪,50000,90000,月,1
1.7-3万·15薪,17000-30000元·15薪,17000,30000,月,1
2.8-4.5万·14薪,28000-45000元·14薪,28000,45000,月,1
1.3-2.6万·15薪,13000-26000元·15薪,13000,26000,月,1
2.7-3.5万,27000-35000元,27000,35000,月,1
1.6-2.4万,16000-24000元,16000,24000,月,1
80-140元/天,1740-3045元,1740,3045,日,1
1.6-2.3万,16000-23000元,16000,23000,月,1
4-6万·15薪,40000-60000元·15薪,40000,60000,月,1
9000-17000元·14薪,9000-17000元·14薪,9000,17000,月,1
1.4-2.5万·14薪,14000-25000元·14薪,14000,25000,月,1
1.1-1.9万·13薪,11000-19000元·13薪,11000,19000,月,1
1.5-1.8万·15薪,15000-18000元·15薪,15000,18000,月,1
1000元以下·13薪,0-1000元·13薪,0,1000,月,1
140-210元/天,3045-4568元,3045,4568,日,1
7000-11000元·15薪,7000-11000元·15薪,7000,11000,月,1
9000-12000元·15薪,9000-12000元·15薪,9000,12000,月,1
2-2.5万·16薪,20000-25000元·16薪,20000,25000,月,1
6000-7000元·15薪,6000-7000元·15薪,6000,7000,月,1
2.5-3万·15薪,25000-30000元·15薪,25000,30000,月,1
2.2-4万·14薪,22000-40000元·14薪,22000,40000,月,1
3.5-6.5万,35000-65000元,35000,65000,月,1
5-10万·14薪,50000-100000元·14薪,50000,100000,月,1
1.5-1.8万·14薪,15000-18000元·14薪,15000,18000,月,1
1.3-2.4万,13000-24000元,13000,24000,月,1
4.5-5万·13薪,45000-50000元·13薪,45000,50000,月,1
1.3-2.4万·14薪,13000-24000元·14薪,13000,24000,月,1
1.4-1.8万·13薪,14000-18000元·13薪,14000,18000,月,1
6000-10000元·15薪,6000-10000元·15薪,6000,10000,月,1
5000-10000元·15薪,5000-10000元·15薪,5000,10000,月,1
4000-5000元·18薪,4000-5000元·18薪,4000,5000,月,1
2.5-2.8万·16薪,25000-28000元·16薪,25000,28000,月,1
1-1.9万·15薪,10000-19000元·15薪,10000,19000,月,1
5000-7000元·18薪,5000-7000元·18薪,5000,7000,月,1
1.5-2.8万·14薪,15000-28000元·14薪,15000,28000,月,1
5000-7000元·16薪,5000-7000元·16薪,5000,7000,月,1
2.5-4.5万·13薪,25000-45000元·13薪,25000,45000,月,1
7000-13000元·15薪,7000-13000元·15薪,7000,13000,月,1
8000-15000元·20薪,20-15000元,20,15000,月,1
1.6-2.5万·15薪,16000-25000元·15薪,16000,25000,月,1
1.8-2万·14薪,18000-20000元·14薪,18000,20000,月,1
150元/次,150元/次,,,次,1
7000-8000元·14薪,7000-8000元·14薪,7000,8000,月,1
170-190元/天,3698-4132元,3698,4132,日,1
2500元,2500元,2500,2500,月,1
1-1.5万·17薪,10000-15000元·17薪,10000,15000,月,1
150-250元/天,3262-5438元,3262,5438,日,1
1.3-2.2万·14薪,13000-22000元·14薪,13000,22000,月,1
1.2-1.5万·18薪,12000-15000元·18薪,12000,15000,月,1
1.8-2.4万·13薪,18000-24000元·13薪,18000,24000,月,1
1.7-2万,17000-20000元,17000,20000,月,1
170-180元/天,3698-3915元,3698,3915,日,1
1.9-3万,19000-30000元,19000,30000,月,1
160-200元/天,3480-4350元,3480,4350,日,1
1.6-3万·15薪,16000-30000元·15薪,16000,30000,月,1
1.5-2.9万·15薪,15000-29000元·15薪,15000,29000,月,1
2万,20000元,20000,20000,月,1
2.8-3万,28000-30000元,28000,30000,月,1
1.3-2.2万·18薪,13000-22000元·18薪,13000,22000,月,1
2.2-2.8万·14薪,22000-28000元·14薪,22000,28000,月,1
1.8-2.1万,18000-21000元,18000,21000,月,1
1.8-2.2万·13薪,18000-22000元·13薪,18000,22000,月,1
200-300元/天,4350-6525元,4350,6525,日,1
2.8-5万,28000-50000元,28000,50000,月,1
1.1-2.2万·14薪,11000-22000元·14薪,11000,22000,月,1
2.5-3.5万·16薪,25000-35000元·16薪,25000,35000,月,1
1.6-3万·14薪,16000-30000元·14薪,16000,30000,月,1
1.4-2.8万·16薪,14000-28000元·16薪,14000,28000,月,1
4.5-7万·14薪,45000-70000元·14薪,45000,70000,月,1
2.3-3.5万·14薪,23000-35000元·14薪,23000,35000,月,1
350-400元/天,7612-8700元,7612,8700,日,1
2-2.1万·13薪,20000-21000元·13薪,20000,21000,月,1
6-9万·14薪,60000-90000元·14薪,60000,90000,月,1
1.4-2.8万·15薪,14000-28000元·15薪,14000,28000,月,1
4-7万,40000-70000元,40000,70000,月,1
8000-15000元·25薪,2-15000元·5薪,2,15000,月,1
1.6-3万·16薪,16000-30000元·16薪,16000,30000,月,1
1.8-1.9万·13薪,18000-19000元·13薪,18000,19000,月,1
1.2-1.4万·14薪,12000-14000元·14薪,12000,14000,月,1
3-5.5万·16薪,30000-55000元·16薪,30000,55000,月,1
1.4-2.7万·13薪,14000-27000元·13薪,14000,27000,月,1
1.4-2.8万·14薪,14000-28000元·14薪,14000,28000,月,1
2-2.5万·14薪,20000-25000元·14薪,20000,25000,月,1
2.2-3.5万·15薪,22000-35000元·15薪,22000,35000,月,1
3-4.5万·14薪,30000-45000元·14薪,30000,45000,月,1
6-10万·15薪,60000-100000元·15薪,60000,100000,月,1
8000-15000元·16薪,8000-15000元·16薪,8000,15000,月,1
2-2.3万,20000-23000元,20000,23000,月,1
7000-9000元·16薪,7000-9000元·16薪,7000,9000,月,1
1.3-1.6万·13薪,13000-16000元·13薪,13000,16000,月,1
7000-8000元·15薪,7000-8000元·15薪,7000,8000,月,1
1.5-2.1万·14薪,15000-21000元·14薪,15000,21000,月,1
150-220元/天,3262-4785元,3262,4785,日,1
8000-11000元·15薪,8000-11000元·15薪,8000,11000,月,1
2.3-3.5万,23000-35000元,23000,35000,月,1
1.6-1.8万,16000-18000元,16000,18000,月,1
2.6-4.5万,26000-45000元,26000,45000,月,1
1.2-1.5万·14薪,12000-15000元·14薪,12000,15000,月,1
1.6-2.6万·14薪,16000-26000元·14薪,16000,26000,月,1
150-300元/天,3262-6525元,3262,6525,日,1
1.3-1.7万·19薪,13000-17000元·19薪,13000,17000,月,1
2.3-4.5万·13薪,23000-45000元·13薪,23000,45000,月,1
1-1.8万·18薪,10000-18000元·18薪,10000,18000,月,1
4-8万,40000-80000元,40000,80000,月,1
1.8-2.8万·13薪,18000-28000元·13薪,18000,28000,月,1
2.5-5万·16薪,25000-50000元·16薪,25000,50000,月,1
